Barcode	total_num_reads
ATTAGAGGATGCACGC	1235
CCGAAATACCGTGCGT	2656
GTCGTGCGAACATGAA	3196
GTCGAAGGAAGTGTGG	3786
ATCGATTCTTCCCGTT	1814
CGAGACAGACCCAAGC	2259
GCCTTAAGAATACCTG	2754
TGACTCGCTGGAGACT	1701
TGGGACCACTACTTCT	2576
CCTAAGATGGCATTAC	2500
CTGCTCTGACCAAAGG	1712
GACCCTACTACTGCCG	2282
GCTGTTGCTCCCAACG	2010
TAGGGCCTGTGGCATT	1416
TTGCTCTCTAGGATAT	1118
GAGGCCTTGCATGGTT	3097
TGGGACAGATATCGCA	2607
GAACTTGTGTCATTGG	1544
TTTCCGTCTGATAAGT	1562
ACTTTGTTGTTCCGGG	2066
CAGCTCGGAACGAGCA	2372
TGTGCTGCTCTTGTGA	1477
CAATCTTACTATCCGA	1572
GGTACAACTTGAGCAG	3322
AAGGGAGCTTTCCGGG	2703
CGTGGAGCTGCCATCG	2748
AGGACAGTGATGGGAC	5704
GATATGGCTCGCTTCT	649
GCCCTATTGGGGATGT	2989
TAGCACATGGAGGCAT	1950
TCGGTCTTGCACGATT	1439
ATCACACGAGTTAGAA	1939
CTAGACAACTCTCAAG	2475
TAGCTATCTATTGGAA	6176
CGACCATCTTCCCTTG	1045
TCGCAATGAGCAGCAA	2578
GTCAGCTCTGAACGGT	1805
AGTGCCGACGAATGTA	4814
AGCCTATGAGGTTCCG	1397
GTGACCTCTATAGTAG	1802
AAACTCTCTTGAGGAC	1306
AACAGGGACTCTGGCG	3205
AACGAATGACCGCATG	1728
AAGGCCAGATGAAGAT	2338
ACACTGTGACGGGTCT	4885
ACCGATATGGTGGATG	4589
ACGTATCGAAAAGGTT	2223
ATACCATCTCACTTCC	1743
ATACGAAGATGTGAAA	4695
ATCATGCGACGCAAGA	2099
ATTGCTTACACGATTC	1470
CAGGCTCGAGGATCAG	1234
CCAACCTTGTCACTTT	1390
CCTAGGGTGTTGCTGA	2036
CCTGGTTACCGATCGC	880
CGGTCTTACGAGAGTC	1375
CGTACGGTGCAAATGA	1834
CTACCTTCTTTGTCCC	1638
CTTTCCTACTGCACGC	1526
GATGGTACTAGGTCGA	2529
GCCCAAGTGAACACTC	1012
GGACTGAGAGGGTATG	8392
GGGCATAGACAAATGA	2449
GGGCGATCTGGAAATT	2679
GGTTAACACACTAAGA	2406
GTCGCATCTCCTGAAT	4933
GTCTAGATGTGAGGGT	1522
GTGGGTGCTATTGGCT	1965
GTTAGACACAAAGGAG	2625
TAAACGCTGATAGTAG	1337
TAACCGATGGATGAAT	2683
TACACTTTGGCTTACA	963
TAGGTCTGAATCATGC	1900
TCAACGCCTGACCGAA	2147
TCCTGTTCTAACACCT	2105
TGAGGTGGATATCCGA	4269
TTCTGAGGATAACCCA	1802
TTTCGATACTCTGACA	1670
GATTGGTACAGAAATC	3389
TACCGTAGAGGGTTAG	2965
CACTACCTGAGTTACC	1095
AAGAGAGGAACTGTTG	3088
CAACGATACTGACCCG	2049
GGATGCCACGCGGTAA	1715
CCACTACTGCACCCGA	1761
CTACAGCCTCCAAAGG	2964
AGCGTCGTGTAGATCC	2444
TGCTCTGTGCGATAGG	1839
TTCAGCAGAGCATTCA	5691
ACACTGTGAGAGCAAC	1228
AGGTAACCTATTGGTC	1314
GCACACTCTACGTTCA	1330
GGCTATAACTTGAGGG	3106
GTGAGGATGATCCATG	3473
TAACCAGACCTCCCAT	1436
TGGCACGACAAGCACG	2387
AGGAGTTCTGCATTAC	2473
GTATAAGGACAAATGA	5742
AACACGTACTGCACTA	1525
TTAGTTCTGTCGAGGA	1447
CCGTGAGACGGCATGA	3655
ATGGTTCGAGACAGAC	265
TCCGGTACTACCGAAG	4290
ATAGCGTACCAACCTA	4094
GACCGAAGACCTGATA	2461
TTCTAGACTCTAACCA	587
TCGCTTGACCAGCTGC	1064
AGACACGGAAACCTAC	1823
GCGACTGTGAAGGAAG	1591
TTTGTAGCTACAGTTC	3034
TAGAACCACAGTGTGG	1927
ACGGTAGGAGAAATCA	3654
GCAAGGATGCCTCCTA	2679
ACTGGCGTGGGTTACT	2068
TAGTGTGTGCTGGTTA	3398
GTTATTGCTCGTGATT	1510
AAGTGTAGACTCCTCA	1729
ACTCGACCTCAGCTGC	2223
AGAGAATACTGGTAAA	2949
AGTGGGAACAGTGAAT	5220
ATCTTGTTGCTACGAT	1068
CATTCTCCTTAGCTAC	5530
CCGGCATGACTCCTCA	1466
CTACTATTGTCTCTAT	1920
CTCTGCCCTACCTGAT	902
GACCGCATGTTTCTAC	3954
GCACTTGCTGAGGTTG	1390
GGAATTCTGCCTGCAG	1576
GGTGTGCTGGTTTGAC	2518
GTAGAGGTGAAGACAT	3833
GTGCCTTTGCCTGCAG	1775
TATCTAGCTATGTTGC	1166
TGCGTTAGAGGGATGT	2514
AGGAAATTGGTCTACA	1266
AAACACCTGAGTGCGA	1620
AAAGAGGGAATTGAAG	1545
AACCGAACTTGATAGA	1383
ACACACTGAACTGAGG	1612
CACACTAGAACTTCGA	2699
TACGAAGCTCCGCATG	1655
TGCGAGAGATGATCGT	603
AGAGTTGCTTTGCATG	2239
TTCATACTGAGTGTGG	2333
CATCATGGAAACTTCG	1807
GACATCCCTCTACCGG	3166
TAACTGCGAAATCCCA	1889
TGCGTTAGAATCAGTC	2808
GGGTTGGCTAGCCATT	2971
TATCGGATGTCTAACG	1427
CAAATAGGACTCTACC	855
CCCTCAATGAGAAGTT	1922
ATCAAAGGACTTGATG	3256
CATGTATCTCCGTGCA	3245
GCTCGTTTGAGAAGGA	1598
CTATAGGACTCATGTG	2247
TGGATTCGAGTACTAC	2115
CTACCCAACGTAATGA	1216
TACGTTACTTGTTGTG	7195
GTGACAACTCAAGAAT	1927
ATTCTCCCTGAATTGA	2148
ACTGACATGCGTTGGC	3671
ACTTCATACAAGAATC	2585
ACTCAAGTGGAGGAAA	1588
TCTAGCAGATCTACCC	1944
GTAAGCGGAAACGAAT	3795
CAACGGCTGATGAACA	2468
GAGGCACCTGGCAATG	5283
CGAAACGGACCTGTAA	4894
CCTGGTTACTTCCTCG	2093
AAACAACGAAACCCTA	1323
CCACAATGAAGGAAGA	834
GCCTCTATGCATGATC	1557
TCTAATCACTCATGCA	2473
GTATGCAACATTCACG	2860
CTTCCAGTGTCATTGG	1721
TTACCCGTGTCACCCT	2148
ATAGGCGGAATTCACG	1294
GCTCAATGAACAACTC	3666
GAATGGTCTGACCCGT	1813
AACGTAAGAAGGAAGA	1118
GAAGAGGCTTCTTTGT	886
GGGCAACCTAGCCTCG	2791
CGATCGCGACATCTCC	2633
TCACGAAACATTCACG	2455
TGGAAGTCTAGTGAAT	2630
GGGCTTGTGACCCGCA	2065
GACCGCATGAGGTTTC	3644
AGTAGATGAAACGTGG	1992
ACTGTCGCTCCGTGCA	2020
GACCATAACAGGCCTC	1237
TCCATATACTCTCCAC	3779
TCCTGCCCTTCATCCC	1865
TGCGGCAACGCGCTCA	1308
TACTTGTACCTCCTCA	1514
GCAGTCCGATATTCCT	1789
CTGCAGGTGGAAGGTC	1894
GGCGATAGATTGGAGG	4133
CTTAGTTACGTTGTAC	1222
GGCACACTGTGGTCTA	2748
ACACCGGACTCTATTC	1590
AGTTTCTACGAGGAAA	1546
CCGCTTATGGTGACCC	1702
GTCCGCAGACCCTCAT	1579
TACATCTTGATTGGAA	4833
CTCACTCGATGTTGTG	1539
CAGCCACGATTGGTGT	1429
AAGACTCTGCTTGATG	1118
CCCTCATGACGGTAAG	1378
ACCGTCGGACATGAGG	1259
GGTATGACTGCCCTGA	1531
TATCCGGCTTCGCTTC	3837
GAAGAAACTGTTGAGG	1422
CGGCCATGAAGCTTGT	975
TACAGCTGACGGGAAT	1362
GGACAGTGACTCACTC	396
TCACGGCGATCACACA	1326
GTCACGCGATCGAATC	624
GGATTCAACTGGCATT	2764
AAACAACGATTATGCG	1324
AATTCCACTACGGAAC	2006
TATGTCGGACCTACGG	3751
ACTACGTGAAGATTGA	893
GCTGTTGCTCGTGGCT	3385
GGGATTACTCATCGGC	2942
GACTCCTACCACGCTG	2407
AGTACCAACGTATAGA	1828
GATGGACGAATACCTG	5138
AAGAATGTGAATCCCA	2196
GACGCTGACACACGGA	3889
AGAGATTGATTCTTTG	2220
AAGTCCAACTCACAGT	1725
ATCCTGCACTCTACAG	1548
GGAACAGTGTACTTCT	3062
TCTAGAGTGGCTGCAC	745
GGTTGTCCTCCCACGA	1422
GGCGTGACTAACGGTG	1622
CGTAGGAGAAGTATGA	3954
GGCAATGGAGATCTAC	2592
AGCGTCGACTGTGGTT	6371
GTCATAGACTGATAGA	1559
GGAAAGCTGCCAGCAC	9803
TTAGGTCGAGAGCATG	3291
TACGAGGGAACCCTTC	1159
TGCAAACACATCAGTC	3711
CCAATGTGATGAAGAT	3295
GGCATGGCTTGAACGG	2775
CTGTTTAACCAAGTGG	2614
GCTGTCTACAGATCGG	1502
CAAATCGACTGACGCC	3971
CTTCGCAACTCACAAC	1064
GTTGCCTTGACATCGT	2735
AGTTCGATGGGTGTGA	1406
CAGGTATTGATAGTGA	3922
AGCCTAATGATCTGCA	2354
AGATGTCTGGGGAGGA	2366
TGTACTGGATGCACTA	3117
AACGTCATGCCCTGAG	1086
CGAAGTGGACGTCGCA	1597
ACCACAAACCAATGGG	2503
AGTGGGATGACTGAGG	3399
CCTCCATGATCAGTGT	2860
TAGGCGAGACGGAAGT	1813
ATGCCGGACTTTGTGG	2383
GGACGACCTTTTCCGC	1894
AGTGGGCCTACATCCA	1209
GGGTTGGCTTCTAGAC	2892
AAGGGAGCTGGGTAAC	2596
GTTATCGGAAGTGGAC	2159
AAGGTCTTGCAAACTC	1698
ACTGGTATGGGATATA	1357
TGCTTGGCTAGGCATG	647
AAGCAATGATTCACTT	2055
AGTGAACCTGTATAGA	3244
CAACAGGGAAGATTGA	2789
CAGAATCACCCTATAG	5692
TGGGCGACTCCATGGC	1522
CATTAGCGATTGAGGG	2259
CGTGAATTGAACCAAA	1909
CAACAGGGAATCCCTC	1069
GGTCGAGCTAGTTCCA	2203
TGCAGGCACCTATCTT	1893
TGCCACTACCCATAGT	1848
TGTTCGCTGGCTGCTG	1790
TTATACGCTCGTTGTA	2159
TTTAGTCACTATCGCA	2054
CAGATTGTGTGGGACA	873
GCAAGGATGATCAGGG	2082
TAGGAGGACCGCTCAG	2461
GTAGTGTTGAACGTTC	3396
TGGTGCGTGTGATCGT	1395
TACTACACTGATCTAC	1083
AGTGCGGCTGAGGTTG	2253
TGGATAGCTGTTTGGT	3164
GTCTATACTTTCGGGC	779
CCTAAGATGTCTTTGT	2400
AGACCAGGAATTCTTC	2001
TCCTTACCTATGCAGG	1122
CTGCACTTGGAATGGC	1542
AAGATGAACAGGCCTC	666
AATCCCAGATAGAATG	1236
AGGTAACCTATACGCT	2956
GACTGCGTGCGGCACT	3253
TCATCTATGCCAAAGG	3646
TGTGTAGACAAATGGT	1746
GAGCTATACTGATAGA	3280
ACTGTCAGACTGCAGC	1203
ATCAAGGCTACGTAGG	1259
GAGAAATTGTTCTCGC	1166
AGCTGATACACAACTC	2033
AGGGTGTGATTCACAG	960
AGTCACATGGACTAAA	1579
CGTTGGGTGCGTGTTA	1170
CACCCTCCTTTTGGTG	1559
CAAAGGTCTCCAAGCC	1159
TCCATGAGAATAACCC	2168
GAATCTGACTTGGGTT	6243
ATTCTCCCTCCCTGTT	1059
TATAGCCGACAGCGAA	2217
TCAGCAATGTAGGCAG	5981
AGGATCTACCCCTCAT	2018
AATCTCGGACTTCCGT	527
AGACCAGGAGTTGACT	2524
CTAGAGGGATCACCGG	3284
CCGAACGTGTCGAGGA	2689
CCTGAACCTAAATTGG	4256
GACCAATTGGCAATAA	3109
TCACCAGCTCTGGTTA	1516
AAGCGGTGAGTGGATG	2424
AGTTCATCTTCGCTTC	455
GAGCACAGAACTAGAA	2039
TCAAAGGCTTGAGCCC	1062
AGAAGCCGAATGACCT	1801
CTACGGGTGACATGAA	1426
GACGAGAACTGGAATA	2056
TCCAAGTGAACTCATG	2079
AACCAGTTGCAATCTG	3777
GGACTTCCTCTTGTGA	940
CGGCAGTACACCGGAA	4132
GGACGTCACGGCGATA	6696
CAGGCTCGAGGTACTT	2102
CTTTGCGTGATCAGTC	2497
GTTATGTCTAGGACGT	1897
TGACGCGTGCAACCTA	3189
GGAACAGTGCTTGATG	2208
ATGTTTGCTGTAATGA	1308
CTGTATTTGCATAGTC	2685
CCGTAGCGACTATCTT	1593
ACCCAGTCTATGTTGC	1667
ACGTCGGACCAAGCGA	3527
CAGGCAGCTATTGGAA	1651
CGTTGCGGAGGATATA	2442
TGAAAGATGCCAGAGA	1646
CTTAGGCCTGCCCTGA	1325
CATGATGTGAGAAGGA	2169
ACCAGCCGAACGACTT	1341
GAGTAATGAGAATGTA	2465
GCCATCACTCGAACTT	822
AATCCCAGAACGTGCC	2673
CGCTCATTGAGTCCCG	1513
AGCCTCACTCGAAGTG	808
AGCATTGTGCATCGGC	2224
GAGGCCTTGTCACAGT	2164
CTTTCAATGATTGGCT	2047
AACGAATGAGTAACCT	4472
GATTGGTTGGTACCTA	2302
ATGGACTTGTGAGCCC	3051
TGCTATTTGGGTTAGG	2259
CGATCGCGAAACACTC	1674
TAACGACTGAACACCT	1684
TTGGCGCGAATGGCAG	3042
TGAATCGACTCGGAAG	4755
TCACTCCGATCATTTC	4885
GGTGATGGACAATCTG	583
AACTGACTGTTCAGCA	2166
TACCGTAGACAACCAT	3337
TTCGCAGCTTAGCATC	2385
GACGTCCGAGGAATTA	1261
AGATGTCACGCCTGTG	3496
AATAGGATGGCGTGAA	893
TGTCTTAACTCGCTTC	1279
GGCGATAGATTAGTGC	3205
CCTCCAAACCAATTCG	1446
GCCACGATGCGGTGAA	1920
GACCCACGATGGTAAA	1900
TCGGTTCACGAGGAGG	5765
AAAGACCCTGCAGCAA	3145
ACGGGATGATTTGTGG	2935
GTAAGCTACAGTGGAC	1435
GCGACTGACACCATCA	2948
AAGGGCCCTCGACAGA	1789
CGGAATACTTGATCTG	2014
GATAAAGACCACTTAG	3658
CCGGCAAACGGTAGGT	1519
AACCTCAGAACCCGTG	792
AATAGGATGCTCCATC	3637
CTCCATCGAAGCCACC	1778
ATCGCTCACCTTCCAC	2828
CGACGGACTTTTGGTG	1201
ACATGACACAGTTCCA	2156
GCACTCTTGCCTCGAG	1471
GCTCTGTACCGCGTGT	1264
GAAGAAACTTTGGTGT	3145
TGCGGTTCTCAAATGA	2708
AGTTCGATGCCCACGA	2467
GACATCCCTCCTCCAT	3694
CGTGTGTCTCCCTGAG	639
AGGGAGTTGGACTCTA	3183
CGACCGTGAGTGTGTT	2514
CACTTGGCTAAATGAC	1630
GAGGCACCTCTCCATC	1460
GAGCGCTACTCTCAAG	1016
GTAAGCGGAGCCGTTG	2317
AGCAGGCCTGGCGATA	2403
GTAAACCACAAGTCCT	1352
TATCTAGCTCGCTGAC	1952
GGTTAGACTAGGGTCA	1352
AAACACGCTTTCCATT	1692
CCAGATATGATGCAGG	2806
TGGTTGTGACTGTAAC	3166
CTAAATCCTACTGAAA	2208
GCACACGTGTGTTGGT	1647
GTCGAGAGATTTGACG	2965
ACAGTCCCTCATCGGC	1911
CGCCATTTGAACGCCC	1894
CTTTCAATGCACGATT	1629
CGCACGATGAACGTAA	3427
ACGACTATGATTCCTT	2700
CCTAATTTGCGAGAGT	1482
CAATGCTGAAGGCATG	3232
GTTGCAATGATTCGAC	2701
CTGTCCTGATTGCATG	1451
GACTCATGAATGGAAT	5828
ATATGGAGAAACCCTA	1781
ATGGATCTGAGTATGA	2573
CCAAGCCGAAGATTCC	1530
CCAGTACCTGAGCAAC	2822
TAGACTGACCTCGTGG	4132
TCCGCCTCTCATCACA	2336
AGGAGTCGAAAGGTAT	4300
ACGGAAGACCTATCTT	2566
GTTGCTAGACGGGAAT	2217
CTTGAGCCTCAGGCAA	3222
GCACTTGCTAGTGTGG	1667
GCCTCTTGACCGTCGA	1275
AGCGGGTCTTAGGCAG	2173
ATAAGCAGATGGTACT	1356
CCGTTTGTGGGTAAAT	3819
CTAATGCGACGCTGAC	1304
AGTTTACCTTAAACCC	2343
GGTACAGGACTGTACA	1819
CATACCGCTCAAGAAT	2230
CTTTACAACTCGTGAT	3225
AGCGAGAACCGCGTGT	2482
CCAATTACTTAAACCC	4039
TGGTGCGTGTTCACAG	1075
ACGAATCTGAACCAAA	1515
GCATTCGCTACTTCCC	2072
CAGTGTCCTCAGTAAA	2212
TACCAGTGATCGGAGA	2695
TATCGAGTGAGATCGG	3582
TCATGTTACTGATGCT	3464
TCTTGGAGATTCTATC	1100
GACGTTTGATCCTCAC	254
GTCTGGCGATCACAGT	1991
TAGACTTCTCGACCGT	1703
GATCAACACAACATCC	2538
ACAGCTCCTAGAGGAA	1999
GTCTCCATGATCTGCA	1724
GCACACGTGCAAGATA	2366
TGACCGTCTGTAATGA	2626
TATTGGCGAGGTACAG	2648
ATCTAGTCTACGTGGA	2646
TGTGAACTGCGTATTG	1804
CATTGCGCTGGTACTT	1489
ACGTTCAGAAGACCGA	1804
GAAGAATTGCCGTGCA	1966
TGAGTTCGAGAAATAC	3391
TTGTGCGCTGTCTAAC	1403
GGGATGATGCGTGGCT	2234
CAGTGCCGACGTCGCA	6475
CGGCCATGAGTAACTC	2329
ACAAGGCGATTGCATG	2628
CCAGTGGTGGTATAGA	2424
AGGAAGCTGCCCAACG	1226
AGTTGCCCTAGAAATC	1502
TCGCGTTACTTTGACG	275
GGCTGTGTGTACTACG	2245
ACACCGGACTTACGAC	1452
CAAATGCACAATTGAG	1048
CAACACTGAATGAATG	1967
ATACTCTTGGCGGTAA	2303
TGGCCGATGACATGAA	2421
ACTGGATTGTCCCTCA	3129
AGAACTCTGCCTGAAT	2004
TGAAGAATGTCTGTAG	6070
CTAGAAAGAGTGGATG	1609
GATAGTAGAAGTCATC	2175
AACCGGCTGCAATGAA	1950
GTCAGGCACAGTGTTC	1656
GTAATGAGAAGGACGT	4040
GTAGGATCTAAACTGA	2404
CACGGACTGCGGAAGT	1755
GCGACTGTGTAACACC	2020
GGGTGTGCTTTTCGGA	2537
ATGGTTGACAGGCATG	1053
CGCTAGCGAAAATGGT	2464
GGGCCATTGATAGTAG	1346
TGTGTACGATGGTGGA	2490
GCTGAGGCTCCTACGG	2658
CATACCCACCCATGGC	571
CCGAGTGACTGGGAGT	1693
TTAGGTCGATGGCGCT	2308
TTGGGTCCTCAATGGG	1908
GTGTATTCTGGTTACT	1924
AAGGTCACTATGGAAT	4737
ACTGACTGAGTTCTTT	4454
CGAACTAACTTCACTT	1052
ACTAAAGGACCCAAGC	3890
GCTCCAACTTAGAGAT	1923
TGGAAGGTGGAGTAAT	2774
AGAAGGCTGGAAATAC	2167
GCAAATGCTGCTTACA	1233
GACTCCTTGGGATCCC	1566
GTTATGGTGAACCCAT	1386
GTCCTAAGATGATCGT	1484
CCAGATATGTTCAGTG	3040
TAAAGCAGAGTTTGAC	907
GAGCGAAACTGATGTC	759
AGCATTGTGGGATAAT	1103
GCTTATGGATGGGATG	2572
TTCGTGCTGCTTGTGA	1749
CGCTTGGGAAGCGAAC	1717
GATCTCAGAATTAGGA	1779
TTCGGCACTTAGATCC	1360
TTTACCTGAGTGAAAT	809
GAAGACTCTCCTAAGT	2177
ATGCTATCTGGACAAC	1050
TAAGAGTGAGAGAGTC	2215
ACCAAACTGAAGGAAG	6532
AACAGATGAAAATGAC	559
ATGCGGAGATCGAGGA	2440
CAGAGCCTGGGAAGCT	1528
CCGTGTTACCCTACCT	1120
TGAAAGATGAACAGGC	3981
AACCAGTTGTAGACTC	5141
TTCCGCAACCGTGTTA	1901
CGGTCTACTGTAACTC	1056
CCATCACACAAGTCTC	1425
GAAGAGAGAGAGGAGG	2293
AACGACTACTGGCATT	1319
GACGATGGAGGGTCAA	2576
GTGTAAAGAAGTTACC	2011
TCACTCTCTTTCCTCG	2373
CATTGCGCTCATGGGA	1081
AAGAGTTGAGCTGAGA	3264
GGTCAGAGAATGGAAT	1327
TGAGGACGACGCCACA	735
CAATTGCGAACATCGT	2437
ATATCCTACTGCTGGC	1736
ATATCCACTCTCGTGG	5269
CTCATTTGATCTGGGC	2113
AGCCAAACTAACGCCC	1764
CGGCTTGGATCACACA	2284
ATCAGTGACTCACTGA	2949
CTGTCCATGGGCTCAC	2694
ACCGAAACTTGGGATG	1797
GGGCTGTTGGAGAGTC	6404
GCTGTCGGAACTTGAC	1368
GAGGCCACTTCATGTG	2129
ATCGAGGGAGAAGTTA	2377
TAGGGTTACTAACTCG	1686
TCGCTTTCTGGAGGAG	2916
TTATGCGGAAGGAAGA	1595
TCCAATGGAGTGAGAC	933
TTTCCTCTGACTTGAC	1812
CTATCGGCTTCTTAGG	2813
TTCAGCAGAGTCTACA	2224
CTAATTCACATCTGCA	2653
GTAGTACTGGTTGGTT	1801
AACACCTGATGGCTGC	1069
CCCTCATGAAACCAAA	1328
ATCACAGTGGGAACGT	2375
ACAGTAAGAGTTCAAC	2193
CTATCAGGAAGGCCCT	2330
GCTGACCGAAGCTTGT	664
AGAGCGATGAGGATAT	3780
TCTGCAAGACAACACT	2614
AGGGCTCTGTCTCAAG	1972
CTTGGTCTGCGGTTGC	1858
ATCACAGTGCAGGCTC	2272
TAACAGCTGGAGTCTT	1906
AAAGCAATGGAGGAAA	2032
ACCACGGTGATCCTCC	3478
TACTATCACCACTTGA	5275
AGCCTCGGAAGTCCCG	2187
CAGGTTTGATCCATTT	2216
CGAGGAATGGGATGCA	1882
CGCAGGACTGTTTGAC	1647
CTAAGTGTGGGAGGAG	1829
GCCGTAGTGACATCGT	1223
AGAGCCCACATTCTCT	1054
AGCCTATGATGAAAGT	3053
GCATCTCTGATGGTCT	2296
TAACCGATGTGAACAA	1632
GTTACAGACCTAACTG	2225
AGCTAACACGATTACC	1771
AGAGAATTGATCGAAA	3498
TCGCCTATGACGGATG	1548
AAGCCGAGAGAGGCAT	3002
GTCTGGCGAAGCGTGA	1910
ATTGCTGGAGAGAGTC	1452
CTACCTGACGTTGTAC	1725
AAACACCTGTTGAGTC	2661
ATGGTTCGAACGTTCA	849
CAATAGCTGTAACCGT	2973
TTAAGCGTGGGTAGAC	2124
CGTGGTGACATGGCTT	2227
GAATCGTTGGCGTGAA	1536
GGCGTGTACGAAAGGA	1545
AACGCTTGAAACCTCA	2192
CGTTCCTGATCTTTGT	3054
CTGGTAAACCCTGTCT	2615
GACGATGGACGTCCAG	1396
GCCAACGACGGGTAAC	1098
GTATATCCTACGTTCA	924
TTATGGTCTGTGTCCG	3907
AGGAATAACAATGCAA	4707
CATTCGGCTTTAGTGC	2144
ACTCACGCTGGGTAAC	1530
CAGGTTAACCGGAATG	1873
GGGCCATTGGGAAGTC	3129
TTACCCGTGGAGAGAA	2060
AGCCATCCTGTGATGG	1149
CGTTCCATGGAGTAAT	2021
TCCACACACTGTGAGG	2905
ATTCGGATGACTACCA	1855
CATGAGGGATTTCCGC	1868
GGTTCAAACGAAATGT	1457
GCCTGAGACCCATAAC	3469
AGACCGAGACTTCCCA	1168
TGCAACCCTAGTGAAT	2145
CGTAGGCTGCGAACTT	1027
CTCTGACTGGGGAACT	4193
AAGTGCGGAACGCCCA	2084
AGGGATTCTACAACAA	1897
CGTGAAGGAGATCAAA	1869
GAGGTCCACAGTCACT	4211
TATCTCCCTGCTGCTG	1668
AACACTTCTCCGAAAG	2000
AAGCAGGTGTATTCCT	3798
ACAATAGGAGGGTGTA	2443
ACGCCTTTGTACCGTA	3079
CGAGCTTCTTATGTGC	2193
CTATTGTACTTTGAGC	2074
GAAGCCCTGGGGTCTC	1850
GATTTCTTGCAATGAA	843
TAGACGACTAACGCCC	378
AGACACTTGTCTCTAT	2796
CATGGCTCTCCTGCGA	2355
GCAGGTGCTAGCTATC	1585
GGTCCAGTGATAGGAT	2492
TGAGGCAGACGCCACA	3011
AAACACCTGGGAAGCT	1549
AAGATTGGATAAACCC	2106
ACCGTGCGATCCTTCG	2084
ACGCAATTGGTAATGA	1357
AGTGGTTTGCTTGATG	3022
ATGGGATCTTCTGGCG	2420
ATGTCTACTTTACTTC	2418
CAATGTCGAGGGTAAC	1917
CCAGCGATGATGAACA	2111
CCCTACTGAGCTGCTG	3004
CCGAAATTGTGATCTG	1660
TGTTCCGACTCCATGA	2352
TTGTCGCACATCGTTG	1039
AATCCCAGAATGCAGG	1400
GATTCAGTGCTGCTCT	2363
GGCGTGACTCAACAGG	1129
GTGCAATTGATAACCC	1845
TTACCGCACGTTGTTG	3199
CCTAGCACTGGACGTA	3503
ATGAGCACTGGAACAC	3015
CGGATGGCTCAATGGG	2389
GGGTCACACGCCTGTG	14198
TCAGTCCACTTAGAAG	5620
ACTCGCTACTGGTAAA	2417
AGCACCTCTCTACGAT	2927
AGTACCAACCGAGGTA	2213
ATATGAGGAGAAATTG	521
CGAGACAGAGAGTCCC	2516
CGATTAGACTGCAGGA	2830
GACTAAGCTGTTTGGT	1808
GATTACGACCCAAGCC	1835
GATTCATCTCTTCCCA	2998
GGTAGCCACTCGTAGT	1426
TCCTACCGAACAACTC	3389
TGCGTGGACTCCTAAG	2687
TGGAAGTCTTGAGCCC	3550
TGGCTGGTGAAGGTAT	1855
TTCCAGGCTCGTGTTA	3204
TTTCGATTGTCGAGAG	3332
ATCTTTGACCCAATAC	3571
ATGCAGACTAGATCCT	2333
CTAGGATTGATCACCA	1506
GATTCCCTGCTTGTGA	1062
GCTGTATGAATACGCT	1028
AACAGGGACTCCTCCA	865
AACCTCCTGAGCTACT	1613
ATGCGAACTGGTCTAT	1418
CCGGGTTGAGACGCAA	2478
CCTTCATCTGGGTGTA	1394
CTCTACGTGAACGGTG	1411
GATGCAACTTCATTTC	2813
GCAGTCCGACGCTTCT	1874
GGAAACGACCGGGTCT	2537
GTCCCAGGAACCTGTA	1918
GTCCCGAGATGTAGCT	2607
GTTACGAACTAAAGAC	1641
TAACTGCGAGGTACTT	1653
TACAGAGCTACGACAG	1190
TAGTGAGCTATGAATG	1993
TCATCCTCTCTCCCAT	1429
TTGTCGCACTCTCCAC	923
ACAGAGGTGCGACCGT	1720
CGTGTCACTTTGTCTT	2408
GACCCTTTGCTTCACC	1575
TACTAACCTCTGTAAC	6791
AGTGAACCTTCATTGG	1132
ATCGCTGCTCTAACAC	1027
ATTGCTGGAGCCTGTG	571
CGCAACTCTGACAGAC	1731
CGTCCTTGAGGGATGT	5081
CGTTCTTCTCTCCTCA	1102
CTCTTACCTTGAGTCT	3978
CTGTCGTTGGCGCTCA	3025
CTGTTAACTTTAGAAG	2987
GGTTATGACTGTTCGA	2976
GTAGTCATGCGTTGTA	6197
GTCTTGCACCCATCGG	2381
GTGCATTGAATGACTC	3233
TAGAACCACCGATGAG	2268
TATCGGATGCTTTCAT	1107
TCCACTCGAAGAATCA	992
TCCCACTGAAACGTGG	2062
TCTAATCACAACGAAT	3327
TGCAGATTGTTCTCGC	2426
TGGCCGAACACATGAA	751
ACAGACTACGAACATA	1367
CGGTCATCTAGGCTGA	1662
GAGCACGCTCGAGTGA	2801
TGGTCTAGATAGATAG	2459
CACGAGCACCTCAACA	2269
TCTTAAGCTTCACCGG	1945
ATTAGTCCTCACAGCC	1677
CAGGCACACAGTTCCA	6117
CATAACGACCAAGCGA	1560
CCACTACACTACCCAA	1223
CTACCTTCTCAGGTAG	1543
GCAGATGGATGCTTGA	2035
GCTGAAGGAAAGGAAG	2906
GGTCCGTGAGCAGCTC	1206
TGTGATGACAGGCGAT	3737
TGTGTACGAGAGCGTA	1321
TTAGGGTTGTTCTCCG	1914
ACTGTCAGAACATCGT	2511
AGTTGCAACTTGGAGG	4070
CGTTCTCGATCCAACA	2905
CTATCGGCTTTGGTGT	4479
TCATACGGACTAACAC	2950
AAATCGCTGCGACCGT	3556
AGACCGCTGGTAGAAT	2521
TCACTGCACCAGGACA	1683
ACGACGAGAATCCTCC	1176
TCAGTAGACTTGCAGT	2033
ATGTACGTGGCTTACA	1586
CTGTGTCTGCTGAGAG	1928
GGCGTTGTGTGCATCA	3243
AGGCACGCTTCACAAC	1929
GATAGGGTGTGGTACT	2752
ACTAGCAACAATGTAG	3950
AGCACCTCTTCGGAGA	1222
AGGTGCAGACCGCACA	2438
CAAGGAGTGCCAGCAC	1723
CAATTTCTGCGATAGG	1320
CGGTCATCTGCAATAA	2308
TTCGGTGCTCTCCAAA	1550
CCAACCTTGTCCTCCA	1933
GCACGCATGGCTAACT	3126
TTGTAGGACCAGGACA	2650
CTCCTCCTGGGTTGAG	901
AACACTGTGCAATGAA	1538
AGGACAGACGACACCC	2912
CGCTCATACAAAGGAG	1678
CTACCCAACGTCTATG	869
GAGGAACACCCCGATG	1997
GTTATTGCTCACGGAA	2031
TTGAACCGAGGAGGAG	1527
TTGTCATACTAGGATA	2821
ATTCTCCCTGTCCTTC	1421
GTTTCTATGGACTGCC	2632
AAATCGCTGCGGGTCT	2605
AACGCCGTGGGGCTCT	1789
ACCGTGCGAAACAGGC	1822
AGATGAATGTAACCGT	3861
GCTTCTGTGTGGTCTA	1720
GGTATGACTATCCCAA	1996
GTGAGGTGAACCTGAT	2221
ACACAGTTGCGGCTGT	2388
GATCGGAGAGGTAAAT	1440
TATCGACGAGTGTCCG	880
TTATACGCTCTACGAT	1602
CCAATGATGTATCGCA	2382
GACTTCCTGTGGAATA	1326
GATGGTTTGGGAGGAG	1609
GTTCTGAGATTAGGAA	1781
TTAGAGAGACTGAAGG	2400
AAAGCCTTGATGGCCC	2276
TCATGCCTGTCCTCCA	1101
ACACACTGATGAGGGT	1741
CCAGATAACTTTGGGT	2016
CCGCTAGGACCCGTAG	1326
CCTGTGGGAATTCACG	2147
GCTGAGGCTCTGTGAT	2681
GGCAAGAACCAGGTAG	5422
GGCCACATGAGCCCTG	1597
GGTAGCCACAATGTAG	3709
GGTCCAGTGGAAAGCC	1643
TAGGGAGTGCACTTAG	2404
CTTACCGACCGACTTA	1342
ACAATGGCTCTCCCAT	5751
CCTCTACGATACCTCC	1134
AAGCCGCACTACCCAA	1325
ACCGTTAGATTCCTCG	1707
ACGCCATCTGCCACAC	2287
ACGTTATCTCTCCTAC	3702
AGGAAATACGATATGA	2702
CCAAAGGGAGGAATTA	3666
CCTAAGATGCGTGATT	1906
CTACTGGCTACAGTAA	3931
GACAAGGACTGGGAGT	1533
GACCAGAGAATCCATG	1138
GAGTTGGGAAACGGTG	1081
GCCAGACTGTAGATAG	1368
GGGCGATCTGCCCTGA	2544
GTATTCACTGGAAGCT	1845
GTGGAGAACTCTGTAG	4546
TCGACGGTGTGAGTCT	1815
AAAGGATTGTCTCCCA	1535
AACTTACCTTCCAAAC	1358
ATTCCGGCTATGGCAG	3041
CCGCATTTGATCACCA	1354
GTCCCGAGAAACGTAA	1135
GTGTCATGACCAAGCC	1856
TAGCGATACCAGCCCA	2375
TGGGTGCTGTGGATCT	2152
TGTCTGCTGAACACTC	2753
AACTCAGTGTTACGAC	1517
CCAAGCGACGAACAAT	2471
CCACAATGAATTCGTG	1872
CTCCAGACTTGATGCT	2272
TCGCTTTCTGTGAGAC	2449
TGAAAGATGAAGACAT	3048
TGTTCGAGAACAACAA	825
TTGTTCCCTCAAGGGT	3452
ACGGGACCTAAAGGAG	2278
ATTTGGGACAGGTAGC	3658
GGAAGGTACCACTGGC	2354
TTTCCCACTCAGTCTA	4754
AACAGGGACCTGGGTC	1879
CGGTCTTACCCATTCC	2071
CTGTGCTTGTACCTAG	1399
CTTTCAAACCCGCAAC	863
GGACTGCTGCACTAAC	2073
TCTGGTCTGACCAGAG	1456
TGACAACTGCTCGCAG	2595
TTGCATGGAAGTAAAC	2416
GAGTGAGTGCATGATC	1346
GTCCGTGGAAACACAA	2159
AATCTCTACAACGCTT	1785
ACAAGGGTGGGATATA	2117
CAGTCTCTGGTGGACA	2383
CGTTGGCGAAGGACAC	2227
GATCGCCGAGAACATA	2333
TACAGGACTTATGTGC	1233
CAATAGCTGATTGGAA	1110
GATAAAGTGCGCTCAG	2390
AATGTTCCTCATTTCT	1574
ACGTTTACTCAGTACT	1438
ACTCGCTTGGGAACTG	1745
CCACTTCGAGCTGAGA	2099
CCCAATCACTCCTAAG	2223
CTATTTGTGTCCCGGA	4588
GACCCTTTGGGGTTAG	2662
GCATATGACTTGTTCT	2882
GCCTACGGAATAGTGA	1881
TGTGTAGACCGCCACA	1545
TTCGTTTGACCGATCG	1345
CTTCGAGCTCCCGATG	2337
AAAGGATTGCTTGTGA	2237
AACCTCAGAAAGCACG	2178
AAGTCGTTGTGCCTAA	2287
ACAAGGCGACGGGTCT	1545
AGATTCTCTCGATCAT	3322
AGCGTGCACTTTCTAC	1806
ATCTATCACATCTCCC	2935
ATGCTATCTATCGCAT	3036
CACGACGTGTCGGAAG	1729
CCGGACTGAGCCCGTA	1323
CGGACTGACAGCCTAT	5275
CGGCTTGGATAGCATC	2414
CTAACGCCTGATCGGA	1073
CTCCCTGCTACCCGTG	2003
CTCGATGCTATTCGTG	5259
CTTAAGGACTACCGTA	3638
GAAACGGACTGTCCGG	1768
GCCGGAACTGTTCTTT	3205
GCCTGGAACCTTCATT	970
GCGAACCTGACGGGTA	2004
GGCATTTGAACTCACA	2170
GGCGTTGACAATCACC	3598
GGTAGACGATGTCTAG	2226
GTAACAAGAAGTATGA	3052
GTCGAGAGAAGGTTTC	3276
GTGAGGATGAGGCGAT	3237
TACTTGTACTGTTGTG	1464
TAGGACTACTGTGAAA	2030
TCGAAGACTGGATAAT	1997
TGCACCTACGATCGGA	2493
TGCACCTACTCTCCCA	1441
TGCAGGCACCATAGTC	946
TTCATACTGAATTGAG	1240
CGCGTCAGAGACTCAT	3139
CGTGAATTGGGATGCA	1838
GAAGTTGCTCGAAATA	3022
GAGAAGGCTACCCTTC	2895
GAGCGCTACCGAGGTA	1415
GATCAGTTGGCAGGTA	1640
GCTCTGTTGGGATATA	2485
GTAGAACCTTGTGGTT	2821
CAATAGGCTAACAGGC	2899
CATCCCAACTGGAATA	1809
CTCGTCATGTCGCGAC	2082
CTTGTGCACTTGTGGT	2956
CCGTTACTGGCAGGTA	2563
GCGACACACCTACGAT	1750
GACTTCCACCCGTGCA	2040
TTTCCCACTCACGATT	1132
CATTACGGAATGTTGC	2409
ATACCACGAATTGAAG	2244
CCATATGGAGAGAGGG	2509
CCCATGGGAGCTTATG	1877
CTAGCGGTGACATGAA	5740
TCAGGAACTAACCTAC	2527
CCTCTGTGAGACGTCC	2243
CTGGATTGATTGAGTC	1503
GGTCTCTACATTGGAA	4621
TACACTGGACGGCTGT	2754
TACCCACTGCTCCTCA	906
TGGCAATTGTCTAACG	2721
GGTATGACTATTGGTC	2578
TCGCAATGAACGCTTA	1353
AACGCGAGACTCCATC	2187
CAAGATGCTATTCAGC	2145
CACACTCTGTGCACGC	2441
CGTCGAGACTGGCGCT	1731
CTGTGTCTGGCTGCTG	971
CGAATGGGACTCCTCA	1275
ACATAAGGATGAGCGA	3557
TGCCACTTGCCTAAGT	1289
CACTCGGGACGCCCAA	1682
TAAACGAGAACGGGTA	3380
CAAGCTTGAGTCTTGA	2125
GTCTCTCGAGCAGCAA	3014
ACTAGCAACAGATAGT	1598
AGACGTACTAACTCAC	3583
GACGTTCCTATGGCAG	2385
CCCAGTACTAAACCCT	1134
CCCTACTGAGGGAGGA	1044
CTCCCTGCTTTATGCG	1722
GACCCGAACAGCCATT	2047
TTACATCACTACGATC	2074
TTCGAGTGAAGGCTGA	1289
TTCGGACCTGAGATGC	2172
CCCTGAGGAAGGCATG	1390
CCGAAATACTTACGAC	4457
GAGCGAAACGATCACT	2170
TTTCAACTGCAGGTAG	538
AAATGCCTGGGAGACT	3041
ACTGACAACTTAGAAG	1094
ATCCTGCTGTCTTTGT	796
CCTAGGCGACTTGATG	1328
CGGATATTGACTACCA	3036
GAAATGCCTCCATAAC	1282
TTCATGACTATGATGA	1736
TTCCCGTGATGACCCG	1141
AGCATTCGAGGACGTA	2703
ATGCGTCCTAGCCAGA	2061
CACCACGGATCTACCC	1298
CAGGTATTGTGATCGT	5013
CTACGACCTTTGAGGG	1306
GCTGACTCTAACCCTA	1567
GGTAGGTGATCCTTCG	884
GTATACTCTCCTGCAG	1458
GTGGCAGCTAGTGTTC	2057
GTTCCCAACTCAGGTT	1300
TGGTGTATGCTAACTG	2240
ACGTTTACTCCCACAG	3109
AGATCCAACGATGCAG	3195
AGGTATCTGCCTGAAT	2263
ATTACTCTGTTGCAGT	2379
CAAGGAGTGCCCTGAG	1870
GATCGCCGATGTTGTG	1737
GCAGGCTTGGAGGGAG	3253
GGAGGTTGAGGAAATT	1927
GGTCAGAGAAGCTATC	1730
CAGTTAGACATGGGAC	1844
CGGATTATGCGAAATA	7465
CTTCAGCTGACGCCAC	1162
GTCACGCGAACTAGAA	6992
TTATGGGTGAACGGTG	2767
TTGGCGTCTTGACCCG	2342
AACACTTCTACGGGTA	2972
AGGGTAGTGTTGAGGG	1692
AGTTGCAACTAGCTAC	783
ATACGCAACGACTCAT	1426
CATATTCACCTAATGC	1902
CCTGAACCTCTGTATG	759
CGACATAACCCATCAA	1677
CGGTACTCTACTGTCA	1523
CTCCCATGATTGAGGG	1240
CTCGAGTCTTCACGCG	1916
GCAGCTCGAGCGTGTC	1366
GTAAGCGGATACCCGG	2625
TATGGACACTATCACG	2462
TCTGGTCTGACAACCT	1183
TGAGCGAGAATGGACG	2166
GTATTCTTGTCTTGAG	2959
CTGCTACACTCATGCA	910
TTTCAACTGCTGGGTC	2380
GTGCACCGAGGATAAT	2697
TGGTGCGTGATCCTCC	3058
ATAACAGGAGGAAATT	622
CTTGATTACTGTGGTT	1830
TCGATAGTGAACCCTA	1437
CCGGTGAACGGTTACT	1958
GCTAACCCTGAAATCA	5084
ACTTGTTACTCGGAAG	1331
ACCGTTAGAGAAGGAA	4968
TGATAGGCTTGTAGCT	1972
TCGTTGCACGGTTGTT	1186
TGGACATACGTGTGTT	1744
ATGGTTGACCAACAGG	4900
AGAAGGCACTCTCTAT	606
AAAGACTGAACAACTC	1881
AGATCTTCTGACCGAA	2567
AGGACTACTAGCTATC	913
ATAACAGGATTCGGGC	1019
CCAACAAACAGGTCGA	6018
CCAGATAACTTCTATC	2243
CCTTCGATGAGTGCGA	2049
GGCAAGAACTCGGAGA	1139
GGTTATCGACCCGTAG	3515
GTACTAGTGCCCGATG	2824
GTGCCTTTGCGACACC	2373
TAGAGCTTGCTCCCAT	1274
TAGTTGTCTACCCGCA	1430
TCCTCAGTGTGAATGA	2752
TTCGAGTGAATAGGAT	1980
AGGTCATTGGCATTCA	3813
CCTAGCACTTGTGAAA	1060
ATTCTGTACAGACCAG	2288
CTTGATTTGACTGAAA	1645
GAAAGTATGCTTATGG	1603
GACAAATGAGATAAGT	2215
CAACACAACGTTACAC	2466
AGGTAGTCTTGCTGGC	1039
ACAAATGGAAAGGGTC	1870
AGACTCAACAGAAGTT	1547
AGTGTGTTGTCCATGA	5112
CAGTGTAACGGAAATT	2751
CTTCAGGCTGACCGAA	2955
GCATCCTTGCATCGGC	3412
TCTCTAAACGTGAAAT	4153
AAGAAACACGTTTGAC	2590
AAGACTGCTTGTCTAG	2985
AAGATGCCTAATGGAT	1410
AAGGCGATGTCCCTTG	2483
ACAGCTTGAACTAAGA	1768
ACAGGAGACCGATGAG	2222
ACATGCCCTATTCACG	1696
ACGACCTCTGGATTAA	1076
ACGAGAGTGATTCCTT	1271
ACGGAAGACCGAAGCA	1561
ACGTTCAGACATGAGG	2319
ACTCGCTTGCGGATAG	1071
ACTGAACACCCAGAGA	2048
AGACACGGACCTCCAT	1689
AGAGCTGGAACCCAGC	2626
AGCACGCACATAACCC	1771
AGCAGCGCTACGGATG	2046
AGCTGCTCTGATCTAC	1565
AGGCGGTCTGTAACTC	2314
AGTCAACACAGTGAAT	1646
AGTCCGGACTCTGACA	1912
ATAGAGAACCCTGCAG	2247
ATCGCACCTACTTACG	1466
ATCTGAGACTTCATCT	1454
ATGGGATCTGAGGAAA	1327
ATGTATCCTAGTCTCA	1735
ATGTCCCACCGTGCAC	2178
CAGATCCCTGACTTAC	1042
CAGATTGTGTAACGTC	1436
CAGCAATTGTGGCGCT	1218
CAGCCGAACCTCCATC	279
CCAAACATGGAGGAGG	2203
CCTAAGATGATCTGCA	2582
CCTACCAACCAACAGG	2757
CCTTTACCTAATGGAT	2275
CGACAGGCTAACGAAT	3232
CGACGTCGACGCATCG	1320
CGAGACGCTTTACCTT	1442
CGGGCTTGAGAGCATG	1565
CGGTCTACTCTGCAGC	1753
CGTAGAACTAGGTAGC	2331
CGTCACGGATCCCGGA	2056
CGTGTGTCTTAGACTC	1462
CTAATCGGAAATCACC	1444
CTAGGGAGACATCAGT	3056
CTCCATCGAACTAAGA	3406
CTCCCTGCTGCTGAGA	2020
CTCGTCATGCGACAGA	2050
CTGCATGCTCCCGTGA	965
CTGCTACACCATCACA	1711
CTGTGCTACGAGTGAC	1491
CTGTTCGACCGTTCAA	1527
CTTCATATGCGTGAGA	1182
CTTGAGCCTTTCAGCA	1463
CTTTCAAACGGTGTGA	2390
GAAACGCGAATGGAAT	2032
GAACCATACTGGGACA	2531
GAAGCATCTCTATCTT	2140
GACAATGCTCATCACA	2050
GACTGCGTGTCTACGA	1617
GATCGGAGATACAGAA	2826
GATTGGTACGGCGTAA	2624
GCAATCTGAACAACAA	2240
GCACGCATGAACACTC	1926
GCATGATACCTGTAAC	3497
GCGAGTCACTCGTCCT	1255
GCGTGGTACGGGCTTC	2408
GCTACCGGAAACACTC	1617
GCTTGGTCTACTCCCT	1534
GGAACATCTGAACGTG	1811
GGTAAACCTACCCGTG	3860
GGTCGTGACATTCACG	1136
GGTCTACCTGTTAGAA	3371
GTCACCACTGGTACTT	1137
GTCTTGCACTACCCAA	2546
GTGCGAGCTAGCAATA	2098
GTTCTTTGATGTGGGA	1503
TAAACGCACGACTGCC	3595
TAACCTTTGGGGATGT	1548
TAAGTCGACCTTCATT	2284
TAGACGACTACCCGCA	2326
TAGACTCGAGCTTATG	3309
TAGTCACGAAGTAACA	1767
TATGCAGTGCACGCTG	2140
TCAACGCCTAGGTTCT	2138
TCATGTTACGAGAGGG	1023
TCCCTATCTGCAGCAA	1738
TCCGGTTTGTCTCTAT	932
TCTAACTACGAGCGTA	1331
TCTCCTTTGCTCACGG	1298
TCTCGCCCTACTGTGT	1999
TCTGAGAACCTCCTAC	1471
TCTGTATTGCTCTACC	1995
TGCGGGTACTGGTGGA	3579
TGGAACTTGTGTACCA	5649
TGGGAGCCTATGCAGG	1442
TGGTATGACCGCTTGG	2887
TGGTGCGTGTAGACTC	1954
TGTCAGAACCTAGAGG	2406
TTAGAAGGAAGACCAG	942
TTATTGCACCAGGGAT	1644
TTCAACACTGGGTCTC	742
TTCAGCAGAAAGGGTC	2104
TTCCAAGGACGCCCAA	1829
TTGAACCGAAAGGGTC	1840
TTGATGTCTTTGCAGT	1071
TTGCTCCGAAAAGGAG	1262
TTTCCGGTGAAGATCA	720
ACGGAAGACGACTCTA	970
AGGCGGTCTGTATCTG	3432
TTCGAATCTGAGTCTT	1932
CCGGACTGAATCTCCC	780
CCTGAACCTCGCTTCT	2014
GGAATTGCTCAAGAAT	3558
GTTCTAACTTGGACGA	2201
TACGGTATGAATGGCG	2432
TCGCACGGACCACGTG	1964
TGCCTTGACGGATAAT	2141
AATCGAAGACTCATGA	3803
ACACGATACAGAAATC	1667
ACGACTAACATCACAC	2343
ACGGGCACTTGCAGGA	1900
ACTCATGGAACCGGAA	2267
AGAGGCCCTGGGTCAA	4210
AGCAGAGTGTCGATTG	2926
AGGGATTCTATGCTCA	599
AGTGATCTGGAACATA	1409
AGTGCCGTGTCACAGT	2735
AGTTTCTACATTCGAC	1985
ATATCGTCTTCATTGG	2348
ATTCGCCTGAACGTAA	2307
ATTGAGAGAGGGCTTC	2901
CACTCAGCTACGGAAC	3613
CAGACCGTGGGACAAC	2815
CAGTGCTCTGACTACT	1278
CATTTAGCTCTTTGTT	1241
CGAAATGCTTGACCCG	979
CGGCACAACAGGTATA	2225
CGTTAGAACCGATCGC	1138
CTACCCAACGACGTCC	2224
CTATACGGATGTCTAG	2643
CTATCTTGACTGACCG	2940
GATGAATGATGTGCTA	3513
GCTGTATGACTTGATG	892
GCTTTGAGAAGATTGA	3117
GGATCCTCTGTGGACA	2433
GGATTCAACCTCACGG	1513
GGCATCGACGAGGAAA	1502
GGGTAACGAATCGTTG	1867
GGGTGCACTCGGTGAA	1870
GTAATGAGAGGACGAT	2531
TACAGGACTGTGGATG	1069
TAGTTGTCTACAACCT	760
TCGGACTCTGGTAGGT	1946
TCTATGGGAATCGTTG	1266
TGCAGATTGGGCATGA	3378
TGGAACTACAACCCAT	2550
TTGCTTATGGTCATTG	2572
TTGGCGCGATGTTCGA	2707
AGGCGTCACAACCAAA	2456
CAGGTATACCAAACTC	3069
GTTGCCTTGGGGACAT	3395
TCTTGGAGATCTGGCG	2107
AACGCGCTGTGAGTCT	817
AAGAAGTTGACGAGCA	1732
AAGACATGACGTTGGC	1521
AATTCCACTCAGACCC	1641
ACCAGCCGACTCGCTT	1881
AGAACTAGAACGGATG	4157
AGATCGGGAACACCCG	586
AGGCACGCTCAACAAA	2483
AGTGGCCACATCCCTC	1507
ATGCGTATGACTAGAA	2793
CAGCCGAACTCCTCCA	1808
CCACGTGGAAGGTCCC	1735
CCATATGGAACATCAC	1244
CCCAATCACGGTTACT	1896
CGAGGAATGTGGCGCT	2180
CGAGTAACTGTGATGG	2914
CGCAAGAGAACAAAGT	1223
CGCATAAACGCCACAC	1303
CGGAACCTGGCTGCAC	3427
CGGTAAGGAACTGTTG	1945
CGTAGGCTGGATCCGC	3623
CTCATGCACCAGGACA	1441
GACCAGCTGTTCATCT	1489
GCAACAGGAGAAACGC	1975
GCGCGATTGAAGTCTC	1699
GGACTTAACAACCTCA	2649
GGTCGAAGATTCATCT	2061
GTTAGGTACTAACCAC	1263
GTTCATTTGGAGCATG	1812
TAAGCTGACCTTCGGG	1601
TACCATTTGGTTAACC	2250
TACGACATGTGAAATG	1046
TAGCAGTTGTCGGAGA	2376
TATGGAGCTCACTTGA	2963
TCCTAATTGCCGCAAC	1300
TCTATGGGACGCTCAG	1491
TCTTCGTCTGCTGCAC	970
TGACACTGAGATCATC	1735
TGCATCGCTGTGCTTA	1227
TGCGTTAGATAGGAAT	1670
TGGGTATTGTACCTGA	2741
TTGACAGACGGTCATT	1256
TTTCCCACTTTCTCCG	893
TTTCTCGCTGAATGAT	3747
TTTGTGTTGCGCCACA	1540
AAGTTCCGATGGTGGA	2025
CGACTGCGACTGTAAC	2904
CGCTGTGGAGAAGTAT	1546
GCTGGTGTGGGACCCT	1582
TAATGCTCTACTGCCG	1030
GGTAAGCGAGCTAACT	2485
TGAACAGCTGCCTGCA	3986
CCACTACTGCTGCTCT	2280
CCCACTTGAGCATTCA	2433
CCGAAATACTTGTGTG	1733
GGATGGTGACAAGATA	2876
TAGAGGCGAGACTGCC	2577
TTCCGCTGAATTCGAC	1086
AGGTGGCCTGGGTCTC	5328
GAGCATTTGGGTAAAT	2532
TGGCCGAACCGCCACA	1412
TTCAATGCTTTTGTGG	3141
ACGTAAGCTTGGTCAT	2419
ACTGCACCTGGATCCC	1801
AGGCCGACTACCGGAA	2026
ATAACGGCTACTGATC	1881
CATTGCCTGCATGGGA	3369
CGATTGAACTGCTTGA	1895
CTATGGTGATTCCGGG	1440
CTCACGGGAGGGATGT	1033
GACCGCATGAGAGGAA	1839
TACGGCTCTTGATCGT	1439
TAGTCCAGAGAGAGGG	1729
TTATGGGTGTGACGCC	1619
TTGAACGACGTGGATG	2238
CATCATACTACTTCGA	774
ATACTCTTGTGAACGG	1106
TAGGCGAGAATTGAAG	2474
ACTGGTATGCAAGGGT	6441
CGACTGTCTACTGAGG	2359
GTTCATTTGTCTTGTT	1975
ACCGTGCGAAATCGAA	2613
ACTCTATTGGATCAAA	1269
GCAATACACCCGTGAC	1529
AACCCTCTGTCTAACG	1464
GCGATCTCTAGCCTCG	1111
GCAAATGCTCTTCTCG	2129
TTGCACAGAGGATATA	1928
TGATAAGGAGTTAGGG	2949
AAACAACGATAGGAAT	766
ATCGTATCTTCACACA	1486
CCGCGTAGATCCAACA	1958
ACATGACACGGATCCC	2249
GGCATGAGATAGACCT	1697
CGGTCATCTAAATGAC	1331
GTCACGCGAAGGGATC	1206
TCCGAATGAACAACAA	2173
GTCGGCAACTGGATCT	3331
AGGTGTGGAATCGGAG	2549
CCCATTGACGAACGAC	2947
ACCGTGCGAGAGCAAC	2330
CCTTCATCTAAAGGAG	568
AACCATGTGAGGACAC	1920
GCGCAACTGTCTCTAT	7031
TGCAAACACCACGATT	870
ATACACCGAGTCTAAC	1593
TCAACGCCTACCAATC	745
TCACAAGTGAGTCTTG	787
TTGACCCACATCATGC	1940
GTCCCGAGAGTAAGTA	3068
CTGAAACTGACAGATA	1116
ACTTTGTACGGGTCAA	2039
AGCAGCGCTGAAGGAA	1699
GACATTGTGGCAGCCT	1729
GTTCCCATGGTGATGG	1985
ACGTTTACTCTTCATT	2558
CTTAGGCCTCACGGAA	2649
GACAAATGAAGGATAT	1687
GCAGGCTTGTGGGATG	701
GTAAGGGTGGCAAGCA	3322
TCGTGTCACGAGCCCT	2551
TGCCGTTTGTCGGTAT	1138
GACCTGGTGAGGTAGC	1558
AGCCTCGGAGGTACAG	708
CGTGGTCGAATTCGTG	1741
CAGCCTTACAGACCGA	3919
CTAGTCCTGGCAGGTA	639
TTGACTACTCATCACA	244
TCTCAATTGCCGCACA	1063
AGTGGTTTGAGATTCC	1440
TCCACCATGTGACGCC	1730
AGGGCATGACGTCCAG	1952
ATAGAACGATAACTCG	1766
CCAATTACTAGCCTAT	1800
GACATTGTGTCTATTC	2921
GATCCGTCTTAACTCG	2253
TATCTAGCTGGAGTCA	4016
TATCACTTGCACGCAC	3112
TCCGATAGATACTCCC	2316
GGATTTGTGGAAGGTC	2778
AACAAGAACAACATGA	1009
ACAGTCTGAACGAGCA	2325
ACCTGTCACTAACGTC	1508
ACTTAGTCTCGGGTCT	2577
CAATCGAACGGTAAAT	3805
CACTCAGCTGGATCCC	2182
CAGGGACCTTGACGCC	2590
CATACCCACTGATCGT	993
CGGTCTTACTTGCCTC	1791
CTACCCAACAAATCGA	1073
CTAGATGACCATGATC	4350
CTTCAGGCTAGAGGAA	1991
GGAATCACTGGAACTG	2120
GGATTGACTCTTGCGG	2248
GGTTGCGACCAACAAA	2483
GGTTGCTCTTTGTCCC	1682
GTCTTGCTGATCCGAT	2484
TACACTGGATTGGTTG	1927
TAGGGCCTGCATGACT	2327
TCAAGACACAAATCGA	1385
TCACTGCACGCTTACA	1753
TTGAAGCACAATTGAG	3440
CGGCACATGGGTGGAT	972
GTCCCAACTAGGTTCT	1487
AGACCCTCTCACGGAA	2047
GCAAGCCTGGTAATGA	1933
AAGAAACACTGAGCGA	3436
ACTATGCGATAGCTTG	1998
GACGATTTGACCAATC	1281
GCTTCCATGGACGCAA	1221
TAGGGAGTGACAAGTA	2832
CCTTCATCTCGAAGCA	1497
ACGCGTTCTAGTGTTC	1583
AGAGCGATGCTGCAGC	2468
ATGGGCCACAGCCAGA	3020
ATTCGTGGATGTACCA	1109
CGGGCTTGATCGATGT	3932
CGTCCAACTGATCACT	1589
TTGTGTGGAACTGATC	1706
CGAATGGGAACGACTT	1529
CTTCCTACTACTTACG	2894
GGAACGATGGTTAGAA	1738
TCTTGCTCTATAACCC	2129
CGGCAACACTCGCGAC	1090
TAGCATCGAGCGTGTC	2162
TGCTAGCCTCCCGATG	2699
AAACAACGATGACGCC	5176
CAAAGTGCTCTCCAAA	2372
CACGCGAACCAACAAA	2116
CATCGTGCTCAGCGCT	6124
CGAAATGCTCGATGAG	962
CGAGAGCCTGTCTATG	2091
GGTGAGTGAACAACAA	1408
TCCATAGGAACTTACG	4781
TTTGCATTGGGTTGTT	2061
CACGCTTTGCATGCAT	2667
CGACTGTCTCACTTAG	1700
GAACGCGCTATGGTGG	895
TGTGATGACTAGCTAC	1860
GTGACATTGCCCAACG	1265
GTGTCATGAGAAATTG	3633
TAAACGAGATGAACAA	1083
GGGTGACCTCTGCAGC	2736
TTGCATGGAGGTGTGA	796
CGTTAGCCTGTGGCCT	1041
TTAAGCGTGTTCTGGA	1979
AGTAGCTTGGAGTCTT	4886
CCACCTTGATAGGCAG	1447
GGAGCGTCTTTCCATT	2867
TATTCTCGATGGGTAG	649
CTTGATTACGACTCAT	1801
TCTCAGGCTGTGGGTA	823
CAGTCTCTGGGTTACT	356
GCAGATACTCCGCACA	1670
AACAGATGATAACCAC	2392
ACGCCCAGATCTAGAC	2843
GTCATCGCTTAACCCA	3854
GTGTCCTTGGGGTCAA	3035
ACTTTCATGAACTCAC	1407
ACGATCAACATCACAC	1657
TGGAAATGATGGCCTG	4694
TTTCCGGTGAACACCT	1323
TCGCAGGTGTCGGAAG	1277
AGACAGGTGCTTCGGG	1541
CCCATGGGACTCACGG	2037
TCTGGGCGAAGAAGTT	1428
GTATAGCTGTTCGTTT	1191
TCTATGGGAACAAACA	1948
CACTCGTACCCATCTC	1671
GGATGCCACTTGGAGG	3784
AGCGGGTCTCCACGTG	2359
ACCGACCGAATCAGTC	1896
CGAGAAGTGGAGGGAG	2677
TGACCGGTGTTGGTGT	967
TCAGCGCGAGGGCTCT	2172
TTGACTACTCAACATC	1970
AGTGCGGCTCTGGGTC	2357
ATCTCATACCGACACC	1258
GAGTGCCTGAGGTCCC	2211
GAGGAGACTTTGGAGG	2752
ACCAAACTGTGGCATT	2894
ATACGCAACTTCGGTA	1688
GATTATCCTGTTACGT	1653
AGAGGGTTGGAGCCCT	1388
CTCACGTACTTGCTCC	1523
TGCTATTTGGTTGTAC	2568
GCTCTACTGCCGTCGA	3177
TCGCAGGTGCATGGTT	2390
ATTGCTACTTTGTAGC	854
CTTGAAGTGCTGTAAC	1982
CAGCTGTCTCAGTAAA	1672
TTTCTCCACGCAAGCA	4582
ATGTTGTCTTCCTAAG	2054
TCACACCTGCCGTGCA	2198
GGTATGTTGTCTGTAG	1709
GGATAGGTGGGGTCAA	2404
CTCCATCGAAACGAAT	1652
GAGTATCACGTGTCCG	1853
TTGGAACTGGATCGGA	3870
ATTGTCTACGAAATTG	5929
CGCTTTGACCCGTCGA	2035
GTACGGCACTCCCTGT	1252
GTATAGCTGTGGTTAC	1536
TAATAGGGACTCTACC	1261
TGATCGATGGGGTTAG	2598
TCTCAATACACCTGAT	2336
AACTTTCACCAGCTGC	1820
CGCCATTTGTCCAACA	2065
TTCAAGCGAATTGGAA	3564
AATCTACCTCTCTCCA	3396
ACCGACGTGAGTGTCT	1760
ACGTATCGAGAGATGC	2188
AGAACTAGACCGTGCA	1410
AGGCGACCTCACCCGA	1641
AGGGATCGACAATGGG	1967
AGGTCGAGAGATCCGC	2366
AGTGTTGACACCTGTA	2161
AGTTTCTTGTCCCGGA	2396
ATCCTGCACTACCCGG	860
ATGAAAGACGGAAGCT	1851
ATGCGGAGACGTTACA	1583
ATGTCATCTTAACCCA	1712
CAGTTTACTCACAGCC	2230
CATTGCGCTACTGAAA	2354
CCCACATTGGGAGACT	1426
CCGCACAGAAGTTGGG	1700
CGAGTGAGAGAAATCA	2187
CTCTCCCACCGGAATG	1310
GAGCCAGCTTGGTGGA	1691
GATACGTTGGTTTGAC	1566
GCAGAACGATTTGAGC	2300
GCTGACCGACCGCACA	1517
GCTTGGTCTTCCCTGT	1077
GGACTGCTGTCCATGA	1337
GGCTAGCACTTGAGTC	1627
GGTTATCGAGGTCTAT	1175
GTCGTATGAATGGTCT	2099
TAAGTCCGACGTGGAA	1875
TAGTGTCGATTCACTT	2286
TATGGCAACAGCCTCG	3326
TGCGAGAGAAGCGTGA	1360
TTCTGCTCTCTTCCAC	1746
AACGAATGAAATGGCG	2319
AACTTTCACGAGGAAA	3985
AATCCTACTATTCGAC	1526
AGTGACTACTGGTCAT	933
CACCTGTACATTGAAG	1365
CATTCGGCTTGGCCTG	1745
CTACCGTTGCACTGGC	1435
CTAGATGACTCTTGAG	2467
CTAGCACCTATCCTTT	1930
CTGTGTAGAATCTCCC	2660
GCAGCCATGTGTACGT	2260
GCAGGTCACGTAGCCC	1650
GCATTCAGAAGCCACC	2343
GGTCCGTGAATGGCCC	1477
GTAGGCGCTTAGCATC	2433
GTAGTGTTGCCAGAGA	3958
GTGTAACACTCGAATC	2582
TATGAGCTGAGTCACT	2157
TCTATGGGATAGCTAC	1116
TGGAAGTCTATCTGTG	2486
TTATGCGGACGTTACA	2054
AACGCCGTGTGGGAGT	2676
ACGCTGGTGGAAACGC	1473
CCATGGTCTGGAGTCA	1837
CCTTACCGATTAGTGC	2109
CGATAACACCGTGCTG	1669
TAGAGGCGACATTACG	3593
AACGTTGTGTAAAGAC	3649
AAGAGTTGAACTTCGA	3696
AATGAAGTGTCGGAGA	3209
ACACACTGAACTGTTG	1322
ACAGTTTCTACGCCCA	1835
ACCAATCGACACGTGC	3284
ACCGTGCGACCAGCAC	1380
ACGCCTTTGGAGTGAC	2179
ACGCTGTCTATTCTTC	2242
ACGCTTCACAATCACC	2700
ACTGCCTACAGCCCTG	2507
AGACACTTGTTCCTCG	1386
AGACGTACTCCCAGTG	2661
AGCACGCACTGTGCTA	1980
AGCTGTAACTCCCGGA	1229
AGGGATGACAAATGAC	4157
AGGGCTCTGCAATGAA	1410
AGTTGACTGGGAACAC	2651
ATCCTGCTGTATCGCA	2466
ATGCCTCTGTTGAGGG	3086
ATGTTGCGATGGGATG	2319
ATTTCGGGAAGAAGGA	2165
CAACCGTCTTCGTAAC	1133
CACCTTGTGAATGTGA	3447
CACGTCTACGTTAGGG	857
CATAGGTTGACACCCG	2166
CATCATTACACGTAAA	2168
CATGACTGAGGTGTGA	2560
CCATCGTACATTCGAC	2203
CCCACGAGACGTGCTG	2299
CCTCTCAGAAATCAAG	2719
CCTGTGACTGTCTACA	2017
CGAAGCGCTCAACAGG	1038
CGAATGGGAGATCTAC	1767
CGATCTCACCCAGAGA	1427
CGCAGGACTCGATCTA	1546
CGCCGAAACTCGTGAT	2314
CGCGATGACTTTGAGC	3317
CGCTGTGGAGGTGGAT	1928
CGTTCTTCTACGGATG	2871
CTGGAGGCTCACGCCA	2915
CTGTCAGCTATCAGGG	1311
GAAAGGCACTTCTGAG	1427
GAACTACTGTCATCCC	1556
GACCAGAGAGGTTGAG	1788
GATAAAGACTTACCTT	2510
GCGAGCACTGAGATTA	2241
GCGGAGTCTGATAAGT	2911
GCTTTGAGACGAGGTA	4456
GGACGTGCTCGACAGA	3338
GGATCGGCTCTAACAC	1917
GGCATTTGAACGACTT	2833
GGGTGTCTGCCAGAGA	2505
GGTACCGACGGACGAT	1060
GGTAGGTGAGTAACTC	2037
GTATTCTACTTGAAAG	1961
GTGGCTGTGAGCACGA	2584
GTGTACCCTGTAAGTA	3624
GTTCCCATGAGGACAC	1882
GTTGCTAGAGTTAACC	1514
GTTGGGAGACGTTACA	1054
TAACACCGATGTTCGA	1878
TAAGCTGACGTTGAGG	3350
TATCTCCCTGCATGAG	1326
TATCTGTTGGCTGTCG	1058
TCACCTGACCAGGGAT	2614
TCACGGCGATATCGCA	833
TCCGACTACAATGCAA	1945
TCGATGCCTAGGAAGA	1004
TCTGTTAACTTTCGTT	1543
TGACGCGTGGCAGCTC	2684
TGATGCAACGTAAGTA	2343
TGCTCTGTGTTGCTGA	2077
TGGCCAGTGCCATTCC	1570
TGTATGTCTTAACCCA	896
TGTCAATCTGAAGGAA	2490
TGTGTAGTGGAAAGGA	2561
TGTTTAGCTTCAAGAA	1299
TTGGTATCTCAAGAAT	2522
ACCTCCAACCTCCCAT	1877
AGATGTCACTCTCCAC	3127
AGGGCATGAAATCGAA	2210
CATTGCCTGAGGGATC	1850
CGGCAGTTGTAACCCA	2318
CTACTAACTGGCTGTC	1990
GAATGACCTCGACCGT	1340
GGTTAGTACGTGGCCT	2870
GTAGGATCTGACTTAC	5620
TGACTGATGATTCGAC	2955
TGTCATACTGGTCATT	1908
TGTCGCACTCTAAGGG	2000
AAGATGAACCACTGGC	1212
CGTGGTCGATCTCCAC	1419
GAAAGAGGACGAAAGC	1279
GAGACTACTTCCAACA	1485
GAGCGTCTGATCCGAT	2019
GCTGATTGATTTCTAC	1062
GTAGTGTTGTTTGGTG	1792
TAACCTACTGGATTAA	3467
TCGCGAGACTCTTGAG	1236
TTATGGTCTGATCACT	1215
TTCCGAAGACTCAACA	1213
AAACCCATGAGAATCA	1757
AAATAGCGATCCCGTT	2656
AACCAGTTGCTGATCA	2387
AACCGGCACATGGCTT	2450
AACCTGAACACTCACA	1139
AAGAAGTTGACGTAAA	1510
AAGACGGTGCGTGCAC	1966
AAGCTGTTGCACGATT	2572
AAGGGCCCTCACTCAA	1707
AAGTGATGATTCAGTG	2263
AATTCCACTCGGGAAT	1228
ACAGTAGCTTGATCTG	1710
ACAGTCCCTAACGAAT	1326
ACCCACGGACAGGTAG	1211
ACCCGGTGATGGGACA	2009
ACCCTCCCTCAGCGCT	1065
ACCTTATTGGACTCTA	2329
ACGAAGGTGGGTTACT	1264
ACGAGAGTGTGTCTAG	664
ACGAGTACTCCGTGCA	2951
ACTCGCGGATCTACAG	2689
ACTCTGGCTCCAATAC	1317
ACTGCCTACAGGCCCT	1707
ACTGGTATGTAGGATA	2344
AGAGCACGACTTATGG	2502
AGATAACGATGTACCA	2468
AGCAGCCACGTGGATG	3664
AGCATTGTGAACATGA	3056
AGCTGTCCTGGACAAC	849
AGGAAATTGGGAAGTC	932
AGGATGTCTTAGGAAT	1132
AGGCACGCTATTCGTG	1534
AGGCACGCTCTAGAGG	1779
AGGCGTCACGTTCTCC	2310
AGGGACAACACTGTTG	1782
AGGTCTCCTACCGGAA	1703
AGTACCATGTCACACA	2138
AGTACGTACCTAATGC	2297
AGTAGCTTGACCCTAA	2255
AGTGACGGAAGTTGGG	1390
AGTGGGCCTCGCGTGT	2348
AGTGGGCCTCTCGTGG	1850
AGTGTAAGAGAACGAC	729
AGTTGCCCTCCTGAAT	2080
ATAAGGTGACTTCATT	2538
ATACGGTTGATCAGTC	1690
ATATCTGCTACTGTGT	2978
ATATGCCGAGAATGAT	1357
ATCAGTGACTACTTCT	1827
ATCAGTTCTTTTGGTG	2604
ATCCGCGGAACTACCA	1562
ATCGCTCACTTCACAG	1100
ATGAACAGACGGAACA	2086
ATGGTAAGACCGATCG	912
ATTCGTGGAGGCAGTA	2007
ATTGGGACTATGGCTT	1312
ATTGGGACTTGGTCAT	1127
ATTTCGACTACGAGCA	1346
CAAACTGACAGTTAGA	3061
CAAGTCATGGGATTAA	1675
CACACTCTGTGGCGCT	1530
CACATAGTGATTCACG	5959
CAGAGCCTGTGTTCTT	2450
CAGCCACGAAAGTCCT	2650
CAGCCGAACGAGTCCC	1811
CAGGCACACTCACTTT	2320
CAGTGTAACCTGAGAG	1761
CAGTGTCCTTGTGGGA	1692
CATGGGAGATGTGAAA	2489
CATTTACACATGCCCG	1665
CCAGTACCTCTTCGGG	1347
CCATCGTACGCCATCG	707
CCCATTGACGGACTTT	1177
CCCGTATACCCATTCC	2112
CCGAACGTGGGAGAGG	2665
CCGATCACTCACGCCA	1180
CCTCCAAACGGACAAC	2282
CCTTTGGTGATTCCTT	1905
CGAGACGCTCCATCTC	1600
CGATCTCACAAACTGA	1957
CGGATTATGCCCAAGC	2997
CGGTGTCGACGACAGA	2142
CGTATCCACCGGAAGT	2062
CGTGAATTGGAACATA	2418
CGTTCCTGAGACAGTG	2176
CGTTGGTCTTGTGAAA	2202
CTACGAAACCTCCAAA	1382
CTACGCTACCGAGGTA	1398
CTAGAGGGAAGCGAAC	1370
CTAGCATGATGGCATT	1837
CTCACGGGACTACCGG	939
CTCAGGGACAGGAATT	1649
CTCCTCGCTCCTCTTG	903
CTGAACATGATAGTAG	2313
CTGCTCTGAGCGGTAA	2172
CTTCCACGATTTCGGA	1356
GAAATCCACGTGGGTA	1804
GAACCTATGCCATGGC	1588
GAAGCATCTCTCTATT	1425
GACATCCCTAACGGTG	1829
GACATCCCTATGGCAG	1274
GACGAGATGAGTTCCA	2052
GACGCTGACCCGAAAG	2270
GAGCCGTTGATTCAGC	2422
GAGGAGACTCTTAGTG	1569
GAGTTGGGATTGGTTG	1198
GATAGAAACCTTCCGT	962
GATGGTACTCGCATCG	2731
GATGTACACTCGATGT	927
GCAATACACGCCACAC	2351
GCAGACCACACCCGCA	2515
GCAGGCTTGGACCGAA	2640
GCCGGAACTATCTCCC	923
GCGATTAACGACTGCC	2244
GCGGGTTACTTGTCCC	1711
GCTACCGGATCGAGAG	1412
GCTCTCAACACGTAAA	1520
GCTGACTCTAGTGGAC	2335
GGAATCACTACTGTGT	1172
GGACAAGACAAATGGT	1009
GGACGCACTATTTCTC	2212
GGCCTAGTGACCCGTG	2042
GGCTCGAACCCCGATG	1671
GGGCGATCTTCCCTGT	786
GGGCTAGCTGTGGACA	2702
GGTACAGGATACCCTC	1461
GGTCAAGGACGTTGGC	1157
GTAACGACTCATCGAT	2033
GTACTAGTGATAACCC	2506
GTATAGCTGAGGACGT	2521
GTATGAGCTCACGATT	2267
GTATGTCGAGCATTAC	2550
GTCACTAGAGTGCTTA	880
GTCAGTATGCCTGTCT	1952
GTCCCGAGAAAGCACG	2053
GTCTAACGAGCTTACA	945
GTGCCATCTAACTCAC	1226
GTGGCTGTGCAAGTGG	2058
GTGGTCCGACTAACTG	2107
GTGTATCGATTGGTGT	2362
GTGTCTAGACCATCGG	1689
GTTACCGCTACTAAGA	810
GTTACCGCTCCGAAAG	2623
GTTATTCACGGCTGTC	1328
GTTCAGTGACTCCTCA	2089
GTTTAACCTGATGAAT	1958
GTTTATCTGACTGAAA	2159
TAAACGCACAATGCCT	1812
TAACCGAACGATCTAC	1941
TAACGACTGGTGCTTA	1892
TAACTCTTGAGTATGA	2088
TAACTTCTGGATCACT	1005
TACGGGCACTGTTCTT	2228
TAGAGTCACCGCCACA	2339
TAGAGTCTGTTAGTGC	1116
TAGCCTCTGAATGTAG	1202
TATCTACTGCCCAACG	1791
TCCAATGGAGTAATGA	3070
TCCCACCCTTTTCCGC	1125
TCGAAGACTACTGTGT	1195
TCGACGTCTTCTACCC	2347
TCGATGAACTCGGTAT	2737
TCGCATCTGTCACGCG	1425
TCGCGTTACATTCTCT	3927
TCTTGATACAACGGTG	3006
TCTTTGAACGTGCTTA	1262
TGAAAGATGTGACGTT	2358
TGAATCTCTTGGTCTA	1546
TGACGCGTGCGCTTCT	2086
TGAGAGCGAAGACCGA	2029
TGAGCAACTTCGAGGA	3519
TGCCTGGGAAGCCCTG	3210
TGGATACACCATGAGG	903
TGGCCGAACAGGTCCC	1313
TGGCGGTTGCCTGCGA	2653
TGGTTGATGTACCATG	1720
TGTACGAACGGGATGT	2452
TGTATGGACTCTTAGG	1067
TGTGGTATGAGAAATC	3855
TTAAGCGTGGGGATGT	2117
TTATCTCGATCATCCC	1733
TTCCGACTGAAATTGG	1045
TTCGACGCTCCATCTC	2563
TTCGCCTGAGCAATAA	1820
TTGTAACCTTCACAAC	1859
TTGTGGAACTTGCAGT	3859
TTTCATGTGTTCACAG	2794
TTTCCGTCTCCGAAAG	1650
TTTGATGCTGGACAAC	844
TTTGTCATGACGTGCC	1644
ACTAGCAACGACTTAC	1683
GGCCATGACCGCTGAC	1207
AGTGGTTTGATCGAAA	2427
GAAATGCCTTGAACGG	890
AAGCTAAGAATGGTAA	2462
AATCCTTTGGGGACAT	2269
CGGCACAACACCAATC	1847
CTGTGTGCTCACTCAA	5226
GCCTCTTGATTTGTCT	957
AACGGCGCTCTGAAGG	1705
AATCGGTTGCGGCTGT	1578
ATTTCGACTCTGAAGG	3209
CCAAGCGACCATAGTC	1714
TGGCAATTGGAGGCAT	2009
AAAGGATACACCTGTA	1284
AACAAGAACACTGATC	2159
AACACGGGAGTGATGG	1184
AACACTTCTCATCGAT	1102
AACAGATGAAACCCAT	1736
AACAGATGACACGATT	887
AACAGTCACCCTGAAT	1248
AACCAACTGTACAGAA	2051
AACCTCCACTCATGCA	1425
AACCTCCTGGAACGTG	1686
AAGACCTTGCGTTACA	1753
AAGACGGTGCTGAAGG	2304
AAGACTCTGTGTAGCT	2406
AAGACTGCTTTGCATG	1855
AAGAGAGGAGTGAGAC	2514
AAGAGTTGACTTTGTT	1076
AAGCCGAGAGGAAATT	1719
AAGCCGCACTGCACGC	1279
AAGCCTTGAGCTTACA	1932
AAGGCTGGATAGCATC	1499
AAGTCCAACCGCCACA	1737
AATCCAGTGGCTGCAC	963
AATCGAAGAGTGGCCT	3149
AATTCGGTGTCATGTG	1884
ACAAACCACTTGGTGT	1190
ACACGTTGATAGCTTG	1188
ACAGTAAGAGGAACGT	3691
ACATAAGGAGCCTCAG	926
ACCAAGGGACTTTCAT	2969
ACCAGCCGACTAATGC	1046
ACCAGTTGAGATTGAA	1426
ACCCGGTGACATGAGG	2716
ACCCGGTGACGTTCGG	1964
ACCCGTGGAGATTACC	1767
ACCCTCATGTGGCTTA	1509
ACCGACGACTGGCTGC	1659
ACCGACGTGTGAAATG	1590
ACCGTCTTGTGGCTGC	1204
ACGAAGGTGTCTCTAT	2060
ACGAATCTGAACCTCA	2096
ACGACAACTTCCTCCA	2517
ACGACTAACCGTGGAA	1014
ACGAGTTTGGGATGCA	1342
ACGATCAACTTTGAGC	1621
ACGATGTTGCGCCGAT	1918
ACGCGCTGAACAACCT	1295
ACGCGTCGACGCAAGA	2832
ACGCGTCGATCACCCT	1864
ACGCTGTCTACGCTTA	1417
ACGGACAGAGTGACCC	862
ACGGACCTGCCTGTAA	1548
ACGTCGTCTGTCCTTC	1300
ACGTTCAGACGGTAGA	1569
ACGTTTACTCCAGAGA	1135
ACGTTTACTTGCACTA	1955
ACTATACCTCAACACT	1707
ACTCATGGAAGTGGAC	1857
ACTCGCTACCCATAGT	1234
ACTGAACACAAGTTAG	1407
ACTGACAACCGTGCTG	2502
ACTGCTCACAATCGAA	5353
ACTGCTGCTGTTCAAC	1923
ACTGTAGACGTTTGAC	1305
ACTTCCGTGTACCTCC	716
AGAAGGCACGTTTGAC	1861
AGAAGGCTGATCAGGG	2278
AGAGATATGCCATCGG	2865
AGAGCCCACGCATAAA	1488
AGAGCTTTGACTTCGA	1083
AGAGCTTTGGATAAGT	2206
AGAGGCCCTGAGCGTA	1495
AGAGGGTTGAGAGGAA	3163
AGAGTTGCTGTCTACA	1149
AGATAGCCTCGCTTGG	1049
AGATCGTTGGGTACTT	850
AGATGAATGCGACTTA	1553
AGATGTCTGTCTTGAG	3518
AGATTCTCTTGCACGC	1287
AGCGTATTGAAACCAA	4148
AGCGTCGACTGCTTGA	925
AGCTCAATGAACCCTA	584
AGCTCGTCTCAACACT	2225
AGGACAGACAATGCAA	2918
AGGGATGTGGATGCTT	2806
AGGGCGTCTCATCCAA	809
AGGGTCGCTACTGTCA	1952
AGTACTCGACTGGCTG	1613
AGTCCCGGAGCAGCAA	2111
AGTGCTATGACGCTTA	886
AGTTGCAACAATCCCA	775
AGTTTACCTGACACCC	1922
ATAACGGCTCCCAAGC	1084
ATAAGCAGAGTGTGTT	1948
ATACCACGACACGGTC	3795
ATACGCAACACAACAA	943
ATAGAGCCTTACTCCC	3055
ATAGCCATGTGAGTCT	1528
ATAGCGACTTCCTTCG	2795
ATAGCGACTTTACTTC	1241
ATAGGTCTGCAAGTGG	3114
ATATGAGGACGATCTA	1278
ATATTCCTGGAAAGCC	1358
ATCGAACACACTGAAA	1218
ATCGTGCCTTAACTGC	4043
ATCTGAGTGGTGATGG	1777
ATGACTTCTATTGCTG	1205
ATGCCAATGCACGTGC	906
ATGCTTACTTTCAGCA	1496
ATGGAACCTGAGATGC	1723
ATGGAACCTATGAACA	1544
ATGGAACCTGTTGGTT	2862
ATGGACTTGTCGTAAC	1315
ATGTACGACTTCCCAC	2981
ATGTGAAGATGGTCTA	1406
ATGTTGTCTGGACTTT	941
ATTACCGGACTGGCTG	1848
ATTACTGCTAAAGGTT	1859
ATTCATCACCATCGGC	900
ATTCCATACCTTCCCA	5749
ATTCGGATGCCTGATA	1576
ATTCTCATGTACTACG	1169
ATTGAGAGACTCACGG	888
ATTGAGAGACCAGAGA	1068
ATTGTACCTTCCCTCA	1503
ATTGGCCCTGTTGTAC	1929
ATTTCGACTATAGTGA	2375
CAAACACACTATGTGC	1167
CAAAGGCGAGGTGGAT	2460
CAACAACTGATAGGAT	2168
CAACAAGCTTTGAGCT	1135
CAACACTGATCAGGTT	2049
CAATACGACATTCTTC	3164
CAATACGACGTGGGTA	3591
CAATGCTGACTTGATG	1952
CAATTTCTGTCACCCT	3807
CACACTCTGATCGAAA	2609
CACAGTATGCCTAAGT	2461
CACCGGATGCCGTGCA	1080
CACCTGTACATCGAAA	1908
CACGAATTGGTAGCCC	1262
CACGGAAGACGCTGAC	1434
CACGGAAGATTGTCCC	1971
CACGTAAACCACGCTG	1219
CACTAAGACCCTCCAT	1455
CACTCGGGAACTAAGA	1535
CACTGGCGAAGACACG	2017
CAGAGAGACTTCATCT	1440
CAGATAGCTTCATGCA	2624
CAGATTGTGAGTCCCG	1685
CAGCGTGACAGGACGT	2103
CAGTAACACCCGAAAG	964
CAGTGTAACATCACAC	1356
CATACCCACAAGGTAT	3371
CATCAGTGAAAGGTAT	3062
CATCATTTGTTGGTTG	2022
CATCGCTACCAGTAAA	1400
CATTACGGACATTCAG	2096
CCAAATTCTTGACTCA	2681
CCACAATGAGAAAGCC	1483
CCACCTTGATAGCTTG	1889
CCACGGATGCGACACC	2709
CCACGGATGTCTAACG	1511
CCAGAGGCTCCTCTTG	1644
CCAGATAACAATCCCA	1949
CCAGATAACCATTACG	1080
CCAGCCAGAATCCTCC	1964
CCATACCTGCCTGAAT	2597
CCATTCGACAACCTCA	2130
CCCAGGTGACTGAGAG	1255
CCCATTTCTGGAAATT	1070
CCGCAGATGCGTGGAA	2204
CCGGAAAGATGGTTGT	1519
CCGTAATGAGCCCTTT	864
CCGTACGGAAAGGTAT	1329
CCGTACTACGACACCC	2991
CCGTAGTCTCAACCTA	1727
CCGTGGAACCTTATGG	2563
CCGTTTGACTGTGAAA	2054
CCTAATTACCCAAAGG	473
CCTACGTACTGAACGG	1586
CCTATGAGACAGAACG	2167
CCTCTTACTGATCAAA	861
CCTGAACCTAACATGA	2970
CCTTAATACTCGTCCT	901
CCTTGCCCTTCCAACA	1272
CCTTTAATGCACGGAA	2191
CGAACTAACTCATTTC	1918
CGAACTAACTTCTGAG	1322
CGAATACACCCTCTTG	1526
CGACCTTACATTGCTG	1346
CGAGACCACGATATGA	1473
CGAGAGAACGGTAGGT	1543
CGAGAGAACTGATGCT	1359
CGATTCAGACTCTCCA	2393
CGCCCAAGATGGACGA	768
CGCCGAAACAATACAG	1940
CGGAATACTCAGGTAG	2046
CGGCACATGGTTAACC	1622
CGTACCTTGCCCGTGA	1518
CGTAGGCTGACGACTT	1751
CGTGGAGCTAGGCGAT	3281
CGTGTGTCTATCCGAT	1399
CGTTACCACAACCAAA	1800
CGTTAGATGTCCATTT	2722
CGTTCCATGATGGCCC	3825
CGTTGCGGATCTTAGG	1644
CGTTGGTCTGTGAAGC	2194
CGTTTAGGAACCCAGC	1451
CTAATCGGACTGTAAC	3018
CTAATTGCTGGTAGAC	2567
CTACTATTGAATACAG	2211
CTAGCTCTGCTCGCAG	1950
CTATACGGAAGATCCT	1060
CTATACTTGCTGATCA	2045
CTATAGGACCCGTGAC	1007
CTCACGGGACACCCGA	1879
CTCACGTACGAGTGAC	1609
CTCCCAATGTACCATG	1014
CTCCTACGATTCCTCG	1478
CTCGGATCTTCCAACA	1967
CTCTACCGATTTGAGC	2485
CTCTTACCTAAGTGAT	1527
CTGAGTAACGAGCATG	2335
CTGCGGAACGGAGGAG	3162
CTGGATAACCATGGAG	1680
CTGGCCAGAACCCAAT	1431
CTGGCTACTGTGGACA	4050
CTGGTTGCTTGCACGC	1540
CTGTACAGATTGTCTT	4961
CTGTCCATGGTGCTTA	1851
CTGTGACCTATAGTAG	2918
CTGTGCACTCGGTAAG	1504
CTGTTTAACACTGATC	1235
CTTAAGCGAAGAAATC	2343
CTTACAGGAGCCTGTG	1000
CTTACCGACGGTTCCG	3179
CTTCCGATGAGCGTGA	853
CTTCGAGCTAATTGAG	817
CTTCGCAACCGGTAGA	2254
CTTGTGGCTCAACCAT	723
CTTTCATGAGGAACTG	1784
GAAACTCACCAGTGAG	2523
GAAAGTTGAGAGCATG	1615
GAACAACCTCGATTAC	1383
GAACGGATGGACTTAC	1776
GAACTAAGATGCCTAA	2612
GAACTAGCTTCCTGAA	2107
GAAGCATCTTTCCATT	3873
GAATCAAGAAAGTGAT	1712
GACATCCCTCTAACAC	892
GACCATAACGTTCTCC	1235
GACCCACGATTCGGTA	1780
GACCTGGACCGAACTT	1663
GACGAGATGCAGTGAG	2792
GACGTCGTGCAGCCCA	825
GACTCCTTGATCGGAG	1622
GACTTCCTGAACGTTC	2232
GAGCCACTGCACTAAC	2645
GAGCCGTTGGTCATTG	914
GAGGTTACTATGCCCG	2490
GAGTATCTGTCACCGG	2924
GATACGTTGCTGTGAT	1668
GATCCAATGGAGGAGG	3261
GATGCAACTACTAGAA	2082
GATTTGGACCCTCTTG	1979
GCAACAGGATTTCGGA	3375
GCAATTTCTTTCTCCG	1222
GCACGGTACCAATTCG	889
GCACGGTTGTCATGCA	2127
GCACGTGACATTCTCT	2350
GCACTCTTGCGCGTGT	1964
GCAGACCACACATCCA	1760
GCAGGACCTCTTCCAC	2431
GCAGTCCGAAAGGGTC	1082
GCATTTGGACACTCAA	1152
GCCAACGACGACCCGT	1204
GCCACAGACGAGAGAA	2175
GCCCAAGTGGCCCGTA	3155
GCCCAATCTGGAGAGG	1667
GCCTCTCCTGCATAAA	3880
GCGCGATACGGTAAAT	2191
GCGCGATACTCCTGAA	1538
GCGGAACCTCGATAGG	1287
GCGGTAAGAAGATTCC	1851
GCGGTTGTGGGACTTT	1727
GCTAGATTGCACGCAC	1639
GCTCAATGAATTCTCT	3636
GCTCTACTGGAAGCAC	1773
GCTCTGACTGAGTGAC	1960
GCTGTTGCTGGTCATT	1700
GCTTCGACTGCACTCG	2014
GGAAAGCTGTCCCTTG	3414
GGAAAGGCTCATCACA	2057
GGAACACGATCACCGG	1635
GGAACATCTTCTTGAG	1073
GGAAGAGCTAGTATGA	3055
GGAATCACTACCAGAG	1493
GGAATTGCTTCCTAAG	1681
GGACACGCTCAGACCC	2558
GGACCCATGAGGCTGA	1755
GGACTGAGAGCTGCTG	997
GGACTTCCTTTCGTTT	1222
GGATCATACAATCCCA	2007
GGCAATTTGTCACAGT	1339
GGCACACTGAGATCGG	1631
GGCAGCTTGAGTCTCA	2287
GGGATTACTTAGATCC	892
GGGCATAGAAGCCTAT	2956
GGGCCATTGAGTCTCA	1120
GGGCTAAGACGTGGAA	1793
GGGCTTCGAGACTCAT	2232
GGTAAACCTCGGTGAA	3201
GGTACAGGAGACAGTG	1026
GGTCATAACCATGACT	3261
GGTGATGGAGGATTAA	2047
GGTTGAACTGTGTCCG	965
GGTTTCGCTGATAAGT	2409
GTAAACCTGCAGCTGC	835
GTAAACCTGGTAGAAT	1664
GTAACAAGATGTGATC	1783
GTAAGGGTGGAGAGAA	4422
GTAGCAGGATGAAATG	3361
GTATACGTGGAAGGAA	2920
GTATACTCTATTCTCT	1384
GTATCCCTGTACTTCT	1397
GTATCGCCTTCGTAGT	3063
GTATCGTGACCCACGA	1164
GTATTCACTCGCTGAC	1651
GTCACTAGAATCAGTC	2588
GTCCGAGACAATCGAA	2896
GTCCTACTGTCTTTGT	2303
GTCGAAGGACAAATGA	3567
GTCGACCGAATAGTAG	1657
GTCGTATGACCATCAA	5281
GTCTCCTGATAGAACA	1600
GTCTTTCCTCGTTCGG	925
GTGCGACTGTGCAGGA	1375
GTGGCCATGTCACGCG	1814
GTGGCTTCTCTACCGG	3308
GTGGCTTCTGAGGCAT	1901
GTGGCTTCTGGTACAG	3241
GTGGTAGGATAGGATA	4928
GTGTTATCTACAACAA	911
GTTATTGCTCAGCTGC	1324
GTTATTGCTTAGCATC	1540
GTTCGGCGAGTAGAAT	2712
GTTCTTAACCAATTCG	2708
GTTTCAACTTGTGAAA	2273
TAAACCTCTTTAGAAG	6048
TAAACGAGAATGCAGG	2582
TAAACGAGATTCGGGC	2535
TAACACGACTTGGTGT	1170
TAACTCACTGGACTTT	2906
TAATGCGACAGGCCCT	2669
TACAGGTACGGGCTTC	1471
TACGAACACCCTGCAG	1359
TACGAGTTGGTTGAGG	2180
TACGTTACTTCGCGAC	2050
TACTCGAGATGAAATG	1406
TACTCTAACCCGAAAG	1284
TACTTCAACTTTCCGC	2236
TAGACTGACAGAATCA	3435
TAGACTGACCAGCTGC	1820
TAGAGATGAAGGTTTC	2596
TAGAGGCGAACCGTGC	823
TAGCACATGAACGTTC	1697
TAGCTTGGACCATGCG	1190
TAGCTGCCTTGGTTAC	947
TAGGACTACCAGTCTA	3089
TAGTTACCTTGTGAAA	1145
TATCACTTGAGTCTTG	1469
TATCATGCTACAACAA	2714
TATGACGTGAAGGGTC	1878
TATGAGCTGCGGTAGA	1865
TATGGACACGCATTCA	1972
TATTCGACTTTAGTGC	2109
TCAAGCTGACATCTCC	1686
TCAAGCTGACCCAATA	1783
TCAATCTACGACTCTA	562
TCAATCTACGCGGTAA	1447
TCAATGCGAGTGTCCG	1353
TCATTTGTGTGATGCT	1537
TCCAGGTCTGGACTTT	1160
TCCCAGTACAGATAGT	1324
TCCCTGCCTATCATGC	2063
TCCGTAAGATTCTGGA	3376
TCCGTTCGATCGAATC	1202
TCCTGCCCTCATTCAG	1517
TCGCACTACGGCAATG	2124
TCGCATCTGAACATGA	2094
TCGCTGGGATGTGGGA	3917
TCGGGACTGCCGCACA	791
TCGGTTCTGCGTTCAA	1528
TCGTATTTGGCTGTCG	1647
TCTAGTTTGAAATTGG	1869
TCTATGGGACAACAGG	1398
TCTCCGATGCAGTAAA	958
TCTCCGTGAAGCCATT	1526
TCTCGTCGAACATCAC	801
TCTCGTCGAGACAGAC	1138
TCTGAACGACAGTCTA	2579
TCTGAGAACTCTAACG	2658
TCTGATTACATGCTCA	2977
TCTGTTATGGGACGAT	1519
TCTTCCACTACAACCT	1784
TCTTGTCCTCCGTGAC	1871
TGAACGGGATGCAGGA	2415
TGAATGGCTTCGGAGA	6630
TGACCGTCTGTCTTGA	2287
TGACCTGCTCGCTTGG	2072
TGACTCGCTAGTGCGA	1849
TGAGTCATGCGAAATA	2527
TGCACGGTGGGAATTA	1190
TGCAGCTCTCCCGATG	4027
TGCTCTTCTTCACGAT	1021
TGGAGAGACAAGTATG	1011
TGGCCAGTGACTGGGA	2100
TGGCGTGTGGCTGCAC	880
TGGCTGGTGTTGAGCT	2848
TGGGTGAGACACGCTG	1916
TGGGTTATGAGAAATC	4190
TGGGTTATGGCATTCA	1472
TGGTCTAGACCTGCAG	3095
TGGTGATACCAGCGTC	3881
TGGTGATACTCGGTAT	3193
TGGTTACGAAGGTTCT	1572
TGGTTTGGATCGATTG	1971
TGTAATCCTCTGGTTA	1500
TGTCGAAACAGGCGAT	2655
TGTCGCACTGTTGTAC	2808
TGTTTAGCTGGAACAC	1216
TTACGCCACCCCTGAG	1815
TTACGTGGACTAACTG	836
TTACTCATGCAATGGG	2072
TTAGGCAACATGCCCG	1722
TTAGGACACCTCTACC	2123
TTCACCGACCATGGAG	1679
TTCGAATCTATCGCAT	1229
TTCGACGCTAACGTAA	2662
TTCTGCTCTCGGTTGC	1547
TTGACCAGATACTTCT	1931
TTGAGAAGACGAAGTG	2735
TTGCATACTACTGCCG	2132
TTGCGATGATATTCCT	2009
TTGCTCTCTGGGTCTC	1894
TTGCTTATGTGTTCTT	1794
TTGGTGATGAAGGGTC	1074
TTGTCGCACACGCCCA	2212
TTGTCGCTGGGTTAGG	2021
TTGTTACTGACTGTCA	1499
TTGTTACTGCGACTTA	1104
TTGTTTCGAACAACTC	2283
TTTACGTTGTCTCAAG	2653
TTTAGCTACCTTTGTT	2111
TTTCACCCTTTATCCT	1432
TTTCTCGCTGAGAACC	1752
AAGCAGGTGAGTGGAC	1358
ACGTACCCTCGGAAGT	1488
AGAAGATACAACGGTG	3603
AGTGTTTCTCACGCTG	2160
ATTACTGCTAGTAAAC	2194
CAGACCGTGCTTAGTG	2576
CATCCCATGGTGAAAT	1831
CGCTGTACTACGACAG	957
CTGGTTGCTTCTAACG	2115
GAGGAACACTAGGAAT	2290
GGCTCGATGACAGATA	1669
GTGCAATTGGCATTAC	2753
TACTCTTGAAAATTGG	1642
TAGAGTCTGTGTGGAG	2445
TGGGCGTTGTCTAGAC	3392
TGTGACTGACATGGAG	1431
TGTTCATTGGCAGCAA	3410
AAACCCAACTCTAGAC	1725
AAACTCGACAACACCT	2081
AACAATGGATCACTTT	1908
AACCAACTGGGACTGA	2623
AAGAAACACGGACGAT	3086
AAGCTGTTGAGTATGA	1149
ACACGCGTGGAGGAGG	1035
ACAGTCAACACTGAGG	1903
ACATCGATGATTGGCT	1921
ACCAAACTGGAGCATG	3238
ACCCAGTCTAACACCT	1319
ACCGTCTTGTGCACGC	1913
ACGACGCACATGGCTT	1171
ACGATGACTGGATCCC	2689
ACTATTGCTTTACTTC	1649
ACTCACGCTCCTACCT	1158
ACTGCACCTCTGACCG	926
AGAGTGCGAGTGTGTT	1794
AGCACCGTGAGTCATC	2302
AGCCTCTTGCATCGAT	1010
AGTCTTACTGTTGACT	1087
ATAGCCAACACTTCCC	1051
ATCACACGAGACACCC	2216
ATCGCTGCTACGCCAC	2426
ATGAACGCTGATCTAC	1986
ATTGAGAGACTGTAAC	2745
ATTTCGTACCGTTCGG	1919
CAAATGCACTGGGATG	2343
CAAGGCGCTAGTGCGA	1772
CACACTCTGCGACACC	3314
CACGCTTTGCAAGTGG	3553
CAGAGTTTGGACAGTG	3801
CAGGAACGACGAGAGT	3760
CAGGCACACCGATCAT	1926
CATCATTTGGTGAAAT	1202
CATCTCCGACGCCCAA	1769
CATGTAGACAGGTAAT	2934
CCACGTTTGCATCGAT	875
CCACTTCGAACAGATA	2085
CCAGATAACTCGTAAC	2112
CCGACAGTGACAACTC	2135
CCGTCGAGATTCTCCG	2658
CCTATCGTGGGGAGGA	1635
CCTCTTACTCTTCATT	1465
CCTGAACCTCGACCGT	1500
CCTTCGATGATCCCAA	1207
CGAACTAACTACCCTC	2220
CGAACTAACTGACCCG	2495
CGAACTAACTTGAGCT	2762
CGCATAAACGGTAAAT	1022
CGGAACCTGGTCGTTA	1765
CGTCAACCTGAGAACC	2773
CGTTCCTGATTACGAC	2255
CTAAATCCTATCGAAA	1026
CTAATCGGACTTTGTT	1016
CTAGATGACTGTTCGA	2028
CTAGGCGACCGTCCAG	2348
CTCAGTCACGGATTAA	2296
CTCGGAGTGCATGAGG	2336
CTCTGCCCTCTCACTC	900
CTCTGGTTGCTCTATT	982
CTGATCCACCAAACTC	1033
CTGTCGTTGATCTGCA	2292
CTGTTAGGATAGATCC	2207
CTGTTCGACAGATTGA	3066
CTTACGGCTACAAAGT	1266
CTTAGGAACACGACAG	1197
CTTGGAAACTTGAGCT	1593
GAAATGATGCCCAATA	1929
GAACGGATGGGTAGGT	1998
GACATCAACTTATCCT	1622
GACGCGTACGCTGCTG	1361
GAGTCCTCTCATGACT	2332
GAGTCCTCTTGGGTTT	1648
GATCTAGACAGGGATC	1687
GATGTTGACCGTGGCT	2623
GATTCCCTGTATTCCT	2008
GCAAGGTGAACTAAGA	827
GCGAGCACTGAGAGAA	2927
GCGATTATGCTGAGAG	2720
GCGGCTTGAAGAAGGA	1943
GCGGTCTGAGCTGGCT	1264
GCTACAATGCATGAAA	1535
GCTACGCGAGTATAGA	2693
GCTCCTAACTGTGAGG	2044
GCTGCATCTGTAACCT	811
GGAAGGTACGAGCCCT	1187
GGGCAACCTGGTCATT	1191
GGGTAACGAGAAATGT	4390
GGGTTCTCTACTACCA	1841
GTCTGGCGACCCAATA	2023
GTTCTAACTGAGAGGG	1836
GTTCTTTGATGTGCTA	1754
GTTTATCTGTGTGAAA	929
TACACTTTGCACTTAG	1068
TACAGAGCTATAGTAG	2913
TACTTGTTGTAACTCG	2219
TATCGACGAAAATGAC	1679
TCGAACATGCAGGCTC	1735
TCTGGACCTAATGTAG	1454
TCTGTCGTGGATCGGA	996
TCTTCGCGACAACCTA	1114
TGAGTGACTCAACCAT	2111
TGCCTGGGATTGAGCT	1251
TGCGTGGACGAGTAAT	2518
TGCTAATCTTGGTACT	1985
TGCTGAATGGTGGATG	884
TGGGACAGATGGCGCT	2739
TGGTCCTACTGGAATA	4139
TGGTGTTGAGGGTAAC	1692
TGTTTACACTTTGGGT	1959
TTCCAGGCTATTAGGA	2457
TTCTCACCTTGAAGAT	1285
TTGAAGCACCAGTACT	2986
TTGAAGCACTGTGGTT	2252
TTTCCTCTGATCAGGG	2003
GGCAGTCTGCAACAAA	2824
GGTTGTCCTACCTCTC	1388
AAATGGAACCGACACC	1114
AACACTGTGTAGCTTG	2101
AACTGCCCTCTCGCAG	1803
AGACAGGACTCTATCT	2735
AGACCGCTGGGGCTCT	1019
ATAGTTCCTTCTCTAT	1811
ATCCTTTGACGGTAAG	2201
ATCGTGTGATAACTCG	1742
ATGGTTTCTATAGGAT	2024
ATGTACGTGCGCAAGA	2451
ATTCCGGCTCACGTGC	2575
CAAGGACGAACCTGCG	1409
CAGCCTTACTCTCAAG	2023
CCAACTCACTCGTCCT	974
CCATCTCGAATGGCTT	2044
CCGATCTACAGTCTTG	1214
CCGCTCTCTCTAGAGG	1183
CCTATGAGACAGCGAA	1551
CCTCTAGTGAGTGTCT	1337
CGACTACCTGGGTGTA	2447
CGATGCTCTCCAGCAC	2641
CGGTACTCTTAACCAC	1796
CTAGTCGCTCGATTAC	1997
GAACACACTAACACAA	3063
GACAATGCTACAGTTC	1000
GATCCATGAGTGAAGC	1042
GATGAGCGATACCTCC	3251
GCTACCGGAACGAGCA	3509
GCTACTCACGTAACCT	1599
GCTTATGGAGAAATTG	2488
GGAATTCTGCGGTTGC	1030
GGGAAGTACTAGGAAT	3773
GTCAATCGAGTGGGTA	3280
GTCGGTGACACTCCCT	1164
GTCGTCTTGGAGTAAT	826
GTTAGGTACATGGCAG	1212
GTTAGGTTGGCTTATG	1485
GTTCACGCTTTCGGGC	1166
TAAATGGGACATCAGT	2220
TAACACTCTTGAGCGA	2090
TACACTGGACGCACTG	1587
TAGATGCACCCGTCGA	3039
TAGCAGTTGGCTGGCT	1644
TCAAGCAACTGTTCTT	1166
TCAGCGCGACATGGAG	1912
TCAGCGCGACTCCTCA	1836
TCGAGCGACAGACACG	836
TCTCCCAGACCATCTC	1042
TCTGAACGAAATGGCG	1464
TGACACTGATGCAGGA	1525
TGAGTGTACTGGTCTA	1838
TGCGTTAGACGAAAGC	795
TGGGTGAGAATTCAGC	319
TGGTAACTGCTTATGG	1044
TGGTCTCACCAGGTAG	2456
TGTTGTACTTACTCCC	2073
TTCAGCAGAAGTGTTC	1329
TTCGGCACTCACGGAA	1141
TTGGAAAGAGTGACCC	1905
TTGGCTAGATTGTGGT	2219
AGTGTAAGAGAAATCA	4237
TAGGAATGATTGTTCT	1353
AGCTGATTGTTGAAAG	2437
ATAGCCAACACGGATG	2347
CACCCTAACGCATGAG	1728
CGCTGTACTAAAGGAG	2096
CGTAGGCACGAACGTG	1941
TTCAGTGGACCTGTCT	1751
TTCTTGTGATGGGATG	2327
TTTGAGTCTAACATCC	1379
AGCCGGTACTCGTCCT	504
ATATCCTACCGTATTG	2113
TGCTCAGCTAGAGAAG	4208
ATATCACCTAGTGGAC	3502
TCTCGCCCTAGGTCGA	1809
AATGGAAACGAGTGAC	2385
ACTTGTGGAGTTAACC	1739
AGGTCGAGATCTGGCG	1810
AGTTTCTACCCTGCGA	1594
ATCGCTGCTACTTACG	2619
CGTTGCACTACGAGCA	2177
GAGGCTGCTACTAAGA	3666
GATAGGGTGTTGCTCC	3817
TAGTAGCTGCTCATGA	1345
TCAACCCTGAAGTATG	2413
CATGAACACAATCCCA	2251
CCACCCTCTAGGTCGA	829
GACCGTGTGAGAGAAG	2760
GGAAGCTGATCTTAGG	1830
TCCAAGTGAGAATTGA	933
TCGCATGCTGTTGGTT	1768
GGAAGACACTTGGGAG	1915
ACTCTGGCTGACTACT	2212
TTCCAGGCTTGATGTC	3029
AAGGAATACGAATGTA	2005
ACTCAGAACACGCCAC	2214
GCGTTTAGAATGGTCT	2613
GTGAATCACACGCCCA	1626
TCGATCGCTTCCCTCA	1276
CACTACCTGGACAGGT	1191
TGAGTGACTACGCCCA	1540
CCTAATTACATTCACG	1889
CGACGGACTTCGCGAC	1153
AAGGCTGGAAGACCGA	3083
ACCGTCTTGTCAGTGT	1758
CAACGCGACGAAATGT	986
CGGACTCGACAATGGG	719
GAACCTATGTCGTGAT	2894
GCGTCTTTGCGATTCA	1441
GTACTAGTGTTCTTTG	3031
GTCTTCGTGTCTGTAG	3269
TAATCTCTGAATGCCT	1755
TAGGAATGATGTGGAG	2235
TATGGCAACGTCTTGA	3500
TTTGATGCTCCAGACC	1223
AACCACATGCCCTGAG	1822
ACCTGCTTGGTACCTA	678
GTAGAGCGATACCGTA	2016
TGACACTGACTGTACA	1956
CGGGTCATGCCTCTAC	3901
GAGCATTTGAAGCACG	1039
TTCGGCACTAATGCAA	1266
AATCCAGTGGGGCTTC	962
TGGAAGGTGATCTCCC	3949
AAGCGGAACTTTCCGC	1529
AGGACGTGACGTCCAG	1347
TATGATCCTCTTTCAT	3936
TGGTCTAGAGTTGTTG	2068
TGTGCTGCTTTCAGTG	1423
CGAAACGGAGCTTATG	1416
ACCAATCGAGACACCC	851
CCACGGATGGGTTAGG	1272
CTGACCTACAGAGAAG	917
GCAACTTGACGTGGAA	1142
CAGCGGTTGAGCAATA	2402
CTTACAGGACTACGAT	1963
TGTTTGTACTCCATTT	1589
ATGAGGTCTCCGATGC	1708
AGGTGTTTGTAGGAAT	2311
GCCACGATGGTGATGG	1918
TGGGATTTGAGTGAAT	2226
GCCTATGCTCCAAAGG	1455
TGAGTTCGACCGAAAG	2121
GTAATTCCTACGATCT	1572
GTTTAGGTGTCCCGTT	477
TTGCCGTACATCTCCC	953
CACGCTTTGTCTATTC	1197
AATCCTACTAATGGCG	1667
AGACCGCTGACGTTCA	1465
AACTGCCCTTTGTGTG	427
AAATGCCTGGAGATGC	2113
TATGGTCGAGTACTAC	2995
GTTTCATTGAAAGGTT	3113
ACGGGTCTGTGGTGGA	1366
ACGTCGTCTAATGTGA	1051
GGATCCTCTGTCTATG	1207
TAAGACCACTCCTGAA	2507
CCACATAGATCATTTC	3117
ATTCAGGACATGCAGG	2010
CATCATTACCATGGTT	1125
CACCGGATGGTAACCT	928
TCTTCCACTGCGTGTC	1914
GCTCGGATGCCAGCAC	2569
ATGCGTATGGCTGCAC	1720
CCTAATTACTGAGGAC	1716
CCTTAGAGAAGGTTCT	1664
TGCGTGGACGGGAGGA	3600
AGCGCAAGACTGAGAG	3741
CGCCATTTGCAACAAA	2356
GCCCTATTGGGGTCAA	1815
TTCTAGACTCCCACGA	2733
GCTCCATACAGCATCT	1523
TGCTTCGACTGCACTA	2853
GTCACGCGAAATACCC	1125
ATCACAGTGATGATGA	2631
CAGGCACACTGATCGT	1273
CAGTGCTCTCAAACTC	2087
CTGTTAACTGCTTACA	3274
GGACACGCTCTTATGG	1038
GGTAGGTGAACAAACA	995
ACATATCCTTACCATG	2363
ACGTTAGACGAGAGGG	2936
ACTGATGACCGATCGC	1815
AGATGTCACACAAAGT	515
AGGTTCTGAGTTGGAG	3029
CCATCTCGACCTCCAT	2011
CGCAGCATGTGTGATC	983
CTCAGCTACGCTGCTG	1952
GAAGAGAGATCTAACG	2161
GAGAGCTGACGGGTCT	1276
GATCGATACACATCAC	1879
GGGATTACTTCGCGAC	2894
AGAAGGCACTCTTGTT	2198
ACAGGCAGAGACGGAT	3360
ATTCATGCTATTCAGC	1321
CGAGACCACCCTCTAC	1411
GAGAGCTGAAGTAACA	3221
TAACTGGACATCCCAA	1711
TACATCTACGATTACC	2980
CCATTATACGTAGAAT	790
CTTACGGCTCTGCAGC	1637
TGAACGTACCTCTATT	2507
AACGCATACTTGTGTG	2556
TTGGTGATGATGACCT	2162
TCATGGTGATGCACGC	2471
GCCTGTGGAATTCACG	1672
ACTGGCGTGATCTGTG	2868
CCTAAGATGCCTGTAA	2307
CGCTGTACTCCATTCC	1376
AGTGACTACTAACGTC	1333
GACAGGTGAACTGAAA	2428
AACCGGCTGGTCTAAC	1470
ACGAGAGTGATCCTTT	1032
AGAGAATACGACCGAA	1104
ATAGGAATGTGTGACT	1837
CCTGCGAGATAGGCAG	1874
CTCTATAACCTACAAC	1970
GATCCTCACCCTACGG	964
GCAAGGTGAATCACCA	1807
GTAAGAAACGACCCGT	1931
GTCATAGACCCTGTAA	3589
TCGGGAAGACATCGGC	2829
TTTCTCCACGAAATCA	1494
AGCCATATGGAGTGAC	2018
ATGGGCCACTTCGTTT	1318
TCCACACTGCACGTGC	768
CGCAGGACTCCATGCG	1179
ACACGATACCCAAAGG	1447
AAGGCGATGACTCATG	1438
ACTACGTGAGTGAAGC	881
ACGAGAGTGTGTGGTT	2428
CCAACAAACTCTCCCA	2169
GCGACTGACGTAACTC	1559
TTCCGGTACGAATAGT	2207
CGAGTTATGCGTGCAC	2245
TAGGGTACTTCTTGTT	2146
TTATGCGGACGGAAGT	2551
AGGGATGTGAGGAAGA	4780
GGGCGATCTAGTGTCT	1195
CATTCTCCTAATCACC	719
GCGGAGTCTCGATCAT	3204
AGACAGGTGCTCTATT	3918
ACTGCTGCTCGGATGA	3019
GTTCTTAACAGTGCGA	1637
TAGTAGCTGTCTCCAC	1385
ACGGTAGGATACCTAG	1444
CCACATAGACAAGGGT	2035
AAATAGCGACAAGAAT	2671
AACGAATGAAACCCAT	2683
ACCACAAACCTCACTC	1792
ACTGAACACGCCACAC	1708
ACTGTATCTATTCAGC	1465
ACTTTGTTGCATGACT	2733
AGACAGCGAAACCTCA	2920
AGTGGTTTGGGAAGTC	1723
ATGGATCTGCAACACT	1500
CTAGTCGCTCATCTCC	1507
GCGGCTTGAGGGTCAA	2950
GGAGGATACCCTGTCT	2271
GGCAGCTTGCGCTCAG	1527
GTTCAAGTGCGATCGC	2955
TATGGTCGAGACCGAA	1668
TCACTATTGCTGGGTC	1090
CTTACGGCTGAGGCAT	1742
AGGCGGTCTGCAGCCT	3445
AGGGTCAGAGAAGTTA	2521
ATGGTTTCTATTCGTG	2647
CTGACATGATCCTGAA	676
GACTTCCACCACAGCC	1003
TCCCTTACTCGCCGAT	1107
TGATCGTGAGGGACAT	1750
GAGGGTAACAGCCTCG	2171
ATGGCCTCTTGCATCA	1453
GCGTTGGACATCTCCC	1842
ACTGCTCACTTCATCT	1868
TATCGGATGTGGGACA	933
GTTGCTAGAACTTCGA	1657
TGACACATGTGAAAGT	1311
CTGATCCACTACTCCC	1464
TGGGACCACACTGAAA	1542
TTGTTTCGAGAGCCCT	1131
GGCGATAGATACCTTT	2084
AGGGCTCTGCGGCTGT	3777
AGTTTCTTGTCACCGG	1618
AACGTGTTGCAACAAA	1951
CCGGTTACTTAGATAG	3986
GGGAAGACTCGGTAGA	1830
GGTCTAAACGCTGCTG	2822
TCAGCGCGAGACTACT	1975
TGGATAGCTAGTCTTG	1748
AGACAGGTGTCCCTTG	1296
TCATTAGCTTTTGAGC	1453
CGAAGCGCTTGGTACT	1241
CTTCCGATGTTACTTC	1361
AGGGTGTGAAGGTAAT	2732
ACCGTATGAAGTGCGA	647
CAGTGAACTGGGTCAA	1339
GTCGCATCTTTGGAGG	2816
GCTGTCGGATCGTAAC	3973
ACACGGAGACATGCAT	1768
CACGCAGTGGAAAGCC	2133
GGGCAACCTCTTCCAC	1875
AACACACACCTTGTGA	2477
TTACGTGGAATGGAAT	611
CGTTCAAGAAATCACC	1634
AAGCAGGTGCTTCACC	4269
AGCGGTCTGCACTTCC	1333
CAGCTCTTGTGTGATC	2010
CATGGGAGAAACTCAC	1503
CGACGTCGACGTGATT	1569
CGCCATTTGAAGCACG	945
CGTCCTTGATCTACGA	2129
CTATTCATGATGGACG	2046
GCCAACGTGCTGACCG	2786
GTTTCTAACACTTCCC	1382
TCCAATTTGCTCCATC	1438
TCCATATACGCCTGTG	702
TCTCACGTGTGATAGA	2748
TCATGCAGACTGTACA	1314
GCTTCAGCTTTCAGGT	1367
ACACTACGACAATCTG	1835
AGACCCTCTCTCTATT	1086
AGCCCTTTGGATTGAA	1062
ATTTCTCGATTATCCT	1014
CAGTCAATGTCGAGAG	3266
CGTGAAGGATTGAGTC	1995
CGTTACAGAGAGAGGG	1244
CTCACTGTGTTCCTCG	1690
GGCTTAATGCGGAAGT	986
TAACACTCTCCTACGG	1100
TAGGATCTGAGAAGTT	1799
AAGAGAACTGAAGGAA	3595
ACAAAGTGATGTAGCT	4017
AGGAGACACAAGGGTC	1259
CCAGACCGATTTCTAC	1243
CGTACCTTGCGGCACT	1377
GCACGGTTGGGGTAAC	2086
GCGCTGAACGTTTGGT	1500
TCTAGCCACTGGTTGT	1438
GGCCTAGACCGGATAG	1470
TAATGCTCTAAGGAAG	2309
TCCCAGTACATTGAAG	1461
GCGCTGAACATCACAC	1595
AACGGCGCTTCACTGA	1616
AGAGCGATGTGCATCA	2814
AAGTGCACTCCCACAG	2954
AGATCGTACTCTGGCG	2577
TCTATCATGTACTTCT	2517
CAAACACACGATCCAT	1311
AGGTGGCCTCTAACAC	1403
TACCTTTGATGACCCG	1572
ACGAGGTGATGGGTTT	1724
TGACTACGAAATCCCA	1473
CGCACGATGGTGTGTT	2032
CGAGTTATGGACGCAA	2120
ATGCAAAGAGGCAGTA	3428
AAACGGTCTGGATGAC	3705
AGACCAGGACACTAAC	1614
AGAACAAACCGATGGA	1009
TGAACGTACCCATCGG	1549
TCGCACGGACCATCAA	2393
TTGAGAAGACAATGAA	1775
GACGAGATGCTCCTAC	1425
GTCTGGTCTTTTCGTT	1751
GCTTGTCTGTTGGTGT	1473
TCTTCCACTAGTAAAC	926
AATCCAGTGGACCCGT	2931
AGCACGCTGAAGGTAT	1496
TCCTAGAGATTGAAAG	1789
GGTCTACCTCAACCAT	2310
ATGGATAGATGCAGGA	2887
TCTAGAGTGCTTTCAT	1960
TTGAGAAGAGGAAGAA	2890
CGACAGCTGACTTGAC	3391
GTGTTCCACGGCGTAA	2885
AACCCAAACATCGGAG	1527
AAGGGTGACAGGACAC	1486
CCCATGACTAGTCACT	1839
CGGACTTCTACCCTAA	2772
CGTAGAACTTCGGAGA	2615
GACGGTGCTGGTGTGA	5036
GATGACACTCTACAAC	1354
GCACGTTCTCTCCCAT	2938
GGGCTAGCTACTGCCG	3316
GTTGAGTACAGTGTCT	2779
TAAGGGTCTAGAAGTT	1218
TATGCACGATCTTAGG	1912
TCCCACCCTAGGTTCT	1170
TCTGATTTGCTTCCCA	1175
TGGCAGAGATTCTGGA	4508
TTCGCTTCTTGATGTC	1397
TTGAATCCTGAGGGAG	1301
TTTAAGCCTTCGAATC	2051
AAAGACTGACCAGACC	1431
AACCGGCTGCCGATGC	2976
ACGCCATCTAGATCCT	2891
CAAGTCATGTAGACTC	1412
GTCGAAGGAGTGGCCT	1843
TTGTTGACTTGTGAGG	2108
AACAGGGTGTTATGCG	2448
AATCGTCGAACTAAGA	1742
CCTAATACTGGGTTAG	845
GAAGCATCTACTAGAA	2208
GCCCTTAACTTACCTT	1814
TCGCAGCGAGTTGGAG	1562
TTGTGCGCTTGTGGAG	1773
AGTTGACTGTCATGCA	3076
TTCAGTGGATCAAGAA	1480
CAGGTTTGATATCCGA	1660
CCAGTCTACTTCGTTT	939
CCCTTTGGAAAGGGTC	1952
TATGGCATGGAAATGT	2100
TCATCCTCTAGCATCT	1591
TCTCGCCCTTGGGATG	705
TTTCCGTCTTTAGAAG	1867
AAGCGCCACGTTGAGG	2550
ATGAACGCTACAAAGT	2755
TATTCACACGCCTGTG	1243
TTGTCGCTGATGACTC	2293
GAAGAGAGATCCTTCG	2810
AAGGCGATGTACCTAG	1815
AGCGTTCCTTGGTAAA	2252
CAGCTCGGACCCTGAG	1412
CCATTCCGACCGTGAC	937
GGAACATCTTAGACCT	1215
TACGAGTACAGCCTCG	1733
CTTGATTTGAATCGCT	2538
GCACTGCGAGAGGGAG	1702
AGGCCAGCTCCCACAG	1956
CCGATTCTGTACCTCC	2385
GCCCAATCTACACCCG	2807
CCCGTAGGACCTGAAT	1662
CTGATGTGACCTGTCT	1266
TGTACTGGAAACCTAC	1022
TTCGAATCTGAAGGTC	1384
CCTTTACCTGGTTAGG	1179
ACAAGGGTGTGGAGCA	1738
TCAGCGGTGCTAATGC	956
TCTAGCCACGGCAGTA	2551
ACGGAGTGATTTGTGG	923
ACGTACAACTCTAGAC	2741
GCTGACCGAGGTCTAT	1517
AGGTACTTGAGGTCGA	1036
TACTATCACAGCATCT	1247
CAGCGTCGAACATGAA	1698
TAACACCGACATCAGT	1878
ATCATTCACTGACCCG	893
CACAATTCTCTACAAC	1908
TACGTTACTTCTAACG	1937
ATCGAGTTGTTGCCTC	907
TGACCTGCTGTCTACA	819
TACGGGCACTCCATGA	1001
CATTTACACCAAGCGA	2141
CTAACGCCTATGTTGC	1548
GATCAAAGATCATTTC	2139
ACTGCCGGAACTAGAA	4297
CATGAACACATCCTTT	2393
TGCCGTTTGGCATTAC	1847
GTCGACTCTGCCATCG	1071
TCCGTAAGAGACTACT	2582
GTATAAGGACTGCCAG	3750
GAGCCAAGAATTCGTG	2143
CAATAGCTGCATCGAT	2000
TTAGAAGGAACTGTAC	3303
CAGCAATTGTCACTTT	1333
ACTTGTGGAATTCAGC	1339
GAGCTAGGATGAGCAG	830
ACTTCTAACGAGAGAA	1517
AGTGTGTTGATGTAGA	2456
CCCACGAGATCGCGAC	1868
TGACGATTGCATCGAT	3259
AAGAGCCGAAGTCCCG	2052
CATCAGTGAAATCACC	2872
ACGAACTTGTGAAAGT	1726
ATGCCTAGATGTGGGA	1792
TGACCGGTGATAGGAT	2541
ACTAAAGGACCCTGAG	1856
CCCTACTGAAGGTTTC	2962
TGATCCGCTGTCCTTC	1805
ATGAACCTGAAAGGAG	2272
CGTTATACTTAGCATC	2278
TTCCCGTGAAGTCCCG	2012
CGACAAACTGCCCTGA	1342
TGTGTAGTGGGGCTCT	2057
TGAGTGTACGGTGTGA	2020
AACGAATGACACTCAA	764
ATCCATACTTGACGTT	1303
TCCTAGAGAAGAGGAA	1302
TCCCTTGGAAGTCATC	1746
CGTTCCATGGTGGCCT	1817
TCGCAGCGAGAAAGGA	2787
CCGTAGCGAAGCATCT	2344
GCTGGTGTGACGATTC	1686
CGGATGGCTTATCACG	786
TGATCTTACTTCAGCA	1858
CGCTTGACTTTGGGAG	1229
GTAATGAGATGGCCTG	949
GCACGTGTGTGTCCGG	1221
GCCTCTCCTACAACCT	1442
TTTAAGCCTTGCCTAA	1645
ACAGTAAGACCCTCAT	2720
ATTGACTCTTACCGTA	1453
CTATGTTACGATCCAT	815
CTGTTAGGACTGACCG	3620
GCGGGATCTAGTCTCA	1534
GTAGTAGCTCACTTGA	2053
TACTATCACAGCTTGT	970
TCGCGGATGCAGGACA	1340
TGGTTCCACTCATGAC	2656
CCTTCATCTTGCCCGA	924
GCTGACGACTTAGTGC	880
TGTGGGCACTAACCGT	1170
GAGTCTATGTGGCTTA	1546
AGGCCGTTGGGGCTCT	1596
GAAGAAGGAACCCGCA	1914
ACTTGTTACTATCACG	3077
ACGCGGACTATGGCTT	2030
TCGTTGCACCGTGAGA	2511
GCTCCAACTTCACTTT	1987
GAGTCTATGTCTTGAG	1852
TATCAGCGATATCACG	2286
TCGCGGATGTTTCTGT	1112
TAGAGATGAAGCAATA	2865
GCGGTAAGAAAATCGA	1870
TAGTCCCTGCTGTGAT	1451
ACAGTCCCTGATTGAA	1952
ACCTCCAACTGGAGCA	3703
CGTTCCATGTGTACGT	1749
ACACTATCTATCGAAA	1310
ATATTCCTGCTCAATG	1118
GGGTTTAACAATGTAG	2673
CTCGAGTCTCCGCACA	1447
ATGAGTGCTTGACGCC	1091
TTGGATCGAATCACAC	2197
ATTTGGGACCGTATTG	1936
ATCGTGTGATGGTTAC	2088
CTCCATCGATGCCTAA	1418
CTCTCCCTGTACCCTC	1913
TCGCAGGTGCCGATCG	1588
GAAAGTTGATGAAGTA	1599
ACAGGCAGACCCGTGA	2329
CGGCCATGATCTATCT	2579
GACCAGAGACGTGCGT	858
GTAAACCACAAGTTAG	2120
GAGCCTTCTTCACAGT	2492
ACGCTGGACCACGCCA	720
TGAGTTCGAGAGTGAC	1505
ATGCCCTTGGTCTAAC	1724
GCAGCCATGACCATCA	1274
TCTAGCCACCCCGTGA	2603
GTAATGCACTGTCCGG	1231
AGAGAATACAACACTC	859
AGATCGTTGTGGCATT	1832
AGCCTATGAACAAAGT	1620
TTCATACTGAGCACGA	1077
GTTATTGCTCCAATAC	1720
TGCAGGAGACGAAGTG	3175
GACGATTTGTTGAAAG	1356
TGGAACTTGTGGACGA	903
GACAATGCTTTCTGGA	2389
TCGTAGTGATCACACA	1835
CTACCGTTGTACCCTC	1642
AGTAGACCTAGCGATG	1855
AGTTGGTTGATGGACG	2020
GCGCGATTGATCCATG	889
AGACCGCTGAGTGTTC	1576
CTACTGGCTGACGCAA	1980
ATCCATACTTCGGTAT	2250
GTATGTCGATAATGAG	3002
TGTGTAGACAATCAAG	3835
AGGGCATGAAAGTCCT	1933
GCACACGTGCTTCCGT	1289
GTTGGCCGATCCATTT	1616
AGACTTTCTGGTAGAC	2512
GTTCACGCTGTTGAGG	2108
TGGAAGTCTAGCATCT	2806
AGCCGAGCTCAACACT	1349
AGCGAATCTGGGAACT	3607
ACGATCCCTTGGTTAC	2215
CTGTTAGGACCCGGTA	1395
GTGACAACTTTAGGAA	2119
TATGTTCTGGGACAGT	5978
TGGCTACCTTGTACCA	2198
GGATCCTCTCAACAAA	2009
GTAATGAGATCACCCT	2768
GTCTTCGTGTGACCCG	1963
CTGACCTTGCATGGGA	1187
GTTCAAGACGATGCAG	2291
CACGGACACCTCGTGG	1605
GCATTGTGAGACCGAA	1689
ACGAGAGTGCGCCGAT	2270
CAACGATACTACGATC	1920
CTCTGAGCTCGCGTCA	1472
AGTGAATGAAGGCGAT	2404
GGTCTACCTTCACCCT	2961
GTCGGTGACTGAGGGT	1734
TGTCAATCTGGAACTG	3583
TTGGCGTCTGCTGAGA	1953
CGGACAGCTGTGTTAC	1978
CTCCCTGCTTCTTAGG	1503
TTGGGATACAGTCAAA	2700
GATGGTACTCGAAATA	1608
GCCTCTATGGCATGGA	1678
AGGGTCAGACATCGGC	3205
CTATGTTACGGAGTCA	1225
ACATTTGCTCCTCTTG	2331
CGAGAACGAGTTAGGG	1767
GAGCCGTTGTGTGGTT	1936
GCCGCATGAGATTACC	1546
TTGGTGCCTACGACTT	1570
GCGCTGATGGACTACT	377
AGACAGGACAATGAAC	3962
AGTCGCTCTGGACAGT	1872
GCTAGATTGTACCTTT	1188
GTCGCATCTGGTACTT	1950
CTAGATGACTTCCATT	1611
AAACCCAACAGCGTGA	2230
AGCCTATGATCACGGC	1822
AGTGCTATGTGAACGG	1206
CTTACCGACAGTGTGG	848
GAACATGCTTTGTGGT	1326
GGCTGACTGAGTCACT	3346
GTAAGCTACATCCTCC	2463
GTTTGACGACCGCAAC	2301
TAAACCTCTCGCTTCT	909
TAATGCGACTGGTACT	2154
TATCACTTGTTGCTGA	1128
TCTACAACTTTTCGTT	870
CGGGATGCTTCGATTG	1996
GTCTTCGTGCACTAAC	2195
TACTACTTGAACGTGG	1574
ACGCCCAGACCTAAGT	1207
AGCCTCGGAACCCGTG	1839
ATTCATGCTGGCAATG	4187
ATTTCCTGACTAAGGG	2377
CCAGAGGCTGATCCAT	1535
CGATTAGACTGAACGG	1996
CGTTAGATGGTGGGTA	1444
CTAGAAAGATCAGTGT	1142
CTCCAGACTGACACCC	1719
GACCTCTTGAGTGTTC	1251
GAGGGTAACCACGCAC	784
GTCACTCTGGGGATGT	2830
TGACCGGACGATGCAG	1144
AAATGGAACACTGTAC	2227
AAGCCCGTGATGTAGA	1990
ACTGTTACTTACGATC	2096
AGGAATCCTGTCTTGA	1998
AGTGCGGCTGAAACGC	1608
ATCTGCCACGAACGGT	1538
ATGGTCCCTGAAGTAT	1944
ATTGCAGACGGAAGAA	2103
CATCATACTGGAATTA	1783
CCAACCACTACCCTTC	3055
CCGCTTATGGGTTGTT	1466
CTCTTGGACCGAAATA	1312
GACTAAGCTCCAGACC	2585
GATGATCACTATCACG	2005
GGTGTGCTGGATCATC	1940
GTATAGCTGCTTCGGG	1338
TCTACCGTGCATTCAG	2262
TCTTGGCACGATATGA	1548
AAACTCTCTTGCATGT	2457
AAAGTCGCTACTGTTG	2445
AACAGAATGAATCGAA	1858
AACAGCTACCTTGTGA	1722
AACATGCACGCATAAA	1035
AACCTGAACCTTCTCG	1348
AAGACCTTGGAATAGT	2999
AAGCGACGATGTACCA	2333
AAGCGCCACTAACCCA	1723
AAGCGGTGAAGCACGA	1267
AATACGCTGTTCTTTG	1793
AATGTGCACGGGTGTA	1031
ACAAGGCGAGAGGCAT	2913
ACAATGAGAAGTCTCA	3559
ACAGTCCCTCTAATGC	1071
ACATATCCTGAGAACC	1028
ACATGACACGATCACT	1979
ACCAAGACTGTGTCCG	1466
ACCTGCACTCGACTTA	2293
ACGACAACTAATCAAG	1753
ACGCATCCTGTTGGAG	1666
ACGGACCACGGAACTG	1789
ACGTAAGCTACGCCAC	1143
ACGTTAGTGGAAAGCC	2072
ACTGTATCTCGAAAGC	2062
ACTTTCATGTGGGATG	1548
AGACTCAACCAGAAAT	2351
AGATAGCCTCAGCCCA	2940
AGCCCTTTGCGTGATT	2528
AGGCTCTCTTGTGCTA	2712
AGGGTGTGATCACAAC	2517
AGGTACTTGATCCATG	2123
AGGTCTCCTTTGAGGG	1839
AGTACTGTGAATCAAG	1509
AGTCCGCGATATGTGC	1573
AGTGGTTTGGGCATGA	1236
AGTGTCCCTCTAATGC	1228
ATCTGACGACTTCACC	2344
ATGACTTCTCTGCAGC	1340
ATGCCGGACTGGTCAT	1940
ATGCCGGACCAATGGG	1395
ATGCCTCACCTGAAGG	1591
CAAATCGACCCATCAA	2292
CAACGATACCAAACAA	1720
CAAGATGCTGCCGTTG	1358
CACAATGTGGTTACAC	1707
CACCCTCCTGTGATGG	1215
CACTGCGGATACCCGG	1178
CAGACTCCTTGTGGTT	1716
CAGAGTTTGATCACCA	1038
CAGCCTTACGGGTCAA	2338
CAGGTTAACGACTGCC	1125
CAGTCCACTACCCGCA	2394
CAGTGCCGACAGCGAA	2754
CATAACGACAACCTCA	1367
CATCGCTACGTATAGA	1238
CATTCTATGTCCCGTT	1798
CATTGGATGTCGCTTC	2295
CCCATGACTGTGATGG	1795
CCCTCTCACCGTGGCT	1269
CCGATCGGAAAGCACG	1055
CCTAAGATGCCCGGTA	3613
CCTAGGCGAATAACCC	1625
CCTTCGATGGAGTGAC	780
CCTTGCCCTAAACCAA	1331
CGAAGGATGGGTTCCG	1235
CGACCGAACCCCTCAT	1773
CGACCGAACTGCACTA	2381
CGAGACCACATGAATG	1428
CGCCATACTAATGTAG	1879
CGGAGAATGAATCGAA	2222
CGGATATTGGATCCGC	2157
CGGTACTCTTTGAGGG	1093
CGTAGTTGATTTCTGT	1315
CGTTGGGTGATTTCCT	2537
CTACATACTCAACATC	2349
CTACTATTGTACTGCA	2526
CTAGATTCTCTGACCG	1074
CTCCCATGACAGGACA	2232
CTCTACGTGTACCCGG	1530
CTCTGACTGCAATGAA	2281
CTCTGTGTGGCCCTTT	2235
CTGCTTGTGTGGTTAC	3626
CTGGGCTGATGTGGGA	2173
CTGTAAGTGTCTGGCG	1607
CTGTATTTGACAAAGT	1843
CTTTGCGTGGACCGAA	1587
GAATCGTACCGATTCA	1685
GACGTTTGAATTGGAA	2807
GACTAAGCTCTGGCTG	2022
GACTTCCTGCAAGATA	1607
GAGAATAACACGGAAC	1632
GAGATGGACTCTGGCG	398
GAGCTCGACCACGCAC	1166
GATGATCACGTTACGT	2380
GATTGGTTGTTACCTT	2570
GCAACGCTGGACCCGT	2593
GCAGACCACCTCTATT	1664
GCATTGCCTAGAGAAG	2179
GCCTTCATGGGTCTAT	1861
GCGAGCTACTCGCGAC	1615
GCGATTCCTAGCCTGC	1830
GCGCGATTGGAAGTAT	2400
GCTCTACTGAGGTTTC	1457
GGAAACGACATTAGGA	2241
GGAACAGTGTACTGCA	2331
GGACACGCTCGGGAAT	1667
GGACTATTGAGGCATG	4038
GGACTTAACCTCAATG	1948
GGAGGTTGAACCAGAG	1805
GGCACAGCTTTGCTGA	1977
GGCCATGACACCCGTG	3353
GGCTATAACGATGAAT	1324
GGGTCAGCTAATCCCA	788
GGGTTGAGACCCAATA	1868
GGTCGAAGACGTATTG	3740
GGTCGAGCTGAATGGC	2259
GGTCTGGTGAGTCACT	2431
GGTGATGGACCTGAAT	1791
GTAAGCGGATCTAGAC	765
GTAATGCACTCTTAGG	2520
GTCACACCTGGCAATG	3267
GTCACGGTGCTAGAGG	2259
GTCACTCTGCGTGATT	254
GTCACTCTGGAAATAC	1556
GTGACAACTCGAACTT	1532
GTGACATACGACTCAT	2560
GTGCTATGATTGGGTT	1536
GTTACCGCTTTCAGGT	971
GTTTATCTGTGTTCGA	1793
TAACACCGATCCTGAA	2087
TACACAGACCAGCGAA	977
TACCATTTGTAACTCG	1601
TACCTTTGAGGAAGCT	1142
TACGAACACGCCTGCA	2339
TAGCAGTTGTCTACCC	3168
TAGCCACCTGCGTCAC	1794
TAGTTACCTGGAAGTC	2492
TATAGCGTGGACAGGT	2339
TATGCAGACGCCTCAG	1857
TATTCCATGTTGTGGT	2235
TCACTATTGCAGGTAG	2831
TCATGTTACCCATAGT	2577
TCCTACCGAAACACAA	1395
TCGACGTCTGCCACAC	955
TCGAGATACATGACTC	1805
TCGATGAACGGAAGCT	2640
TCGATGAACGTTAGGG	839
TCGCTGTACGGACCCT	617
TCGCTTTCTTTCTGAG	2032
TCGTATTTGTGATGCT	2788
TCTAACTACCCATAAC	1292
TCTGGACCTAGATCGG	1515
TCTGGCTACTTCTATC	2063
TCTGGTAGAGAGTAAT	1344
TCTTCCACTTTGCATG	1615
TGAATCTCTCGAGAGT	3007
TGACGATTGTCGAGAG	3305
TGAGGCCACGGAGAGG	3735
TGAGGGTGATTCTCCG	1532
TGATTACCTCCGATGC	2302
TGATTTCTGACTGAAA	1757
TGCTAGCCTTATTCCT	2033
TGCTCGTACCGAACTT	2366
TGGACATACAATCAAG	1269
TGGCAATACCGCGTCA	2535
TGGCGTGTGGGAGTCA	1119
TGGCTCACTCTCGGCA	1116
TGGCTACCTTGGGTAG	1939
TGGGAACGAGGAGGAG	1252
TGGTGCGTGTGGCGCT	1389
TGGTTCCTGGAGCCCT	1756
TGTCAATCTACTACCA	1743
TGTCGAAACTCCAACA	2191
TGTGATGACCCGCACA	2339
TGTTTGTACTGAAATG	736
TTAAGCGACACGACTT	1464
TTACCGAGACCTGCGA	1096
TTATGGTCTACCCTAA	1453
TTCTGAGGATGGGTAG	2973
TTGCTCTCTTCATCCC	1827
TTGGAACTGCGCGTCA	3296
TTGGGATACCCTCTTG	1578
TTTGTGTTGAAGTATG	2894
AAAGGATACATCATGC	2078
AACAGTCACTTGTAGC	2182
AACGAGGTGAAGTCCT	1260
AACTCTACTATCGTTG	1748
AAGAGTTGAGGAAGCT	1334
AAGATGAACGCTAACT	1173
AAGCAATGAGTGGGTA	1788
ACCCATGCTCTGAAGG	1393
ACCGATTGATGGATCT	2325
ACGTCCGGAAGAATCA	2019
ACTGGGCACCAACACT	1128
ACTTACTACTCTAACG	3217
AGAGGGTTGAGAAGTT	2529
AGATCCATGCTGTGAT	1129
AGCTGTCCTACCGTGC	2263
AGTTCGAACTCATTTC	1105
ATCTGACGATCATGAC	812
ATCTTTGACACTGTAC	1025
ATGGTTCGAGACAGTG	2239
CACTGATGACTAACAC	1521
CAGGCTGTGGCTTATG	1643
CATACCGCTACGTAGG	1959
CATATGTCTAGCTTGT	1878
CCAAACAACGTTGAGG	836
CCACCTTGAGGACAGT	1813
CCACGTTTGCCATGGC	2016
CCTCCCTACTCGGAGA	1551
CCTTGCCCTCAACATC	2824
CGACTGCGACAGAACG	1677
CGCACGATGTTTCGTT	2337
CGCTTGACTAGGTTTC	998
CGTCCAACTAAGTTAG	1540
CTACTGCTGGACGGAT	2676
CTGACCTTGGGGCTTC	2133
CTGTTAGGAATTAGGA	1044
CTTGTCTCTCCATGCG	1571
CTTTAACACAGAATCA	1571
GAAGAATTGCGCTTCT	2361
GAATGACCTACAAAGT	2233
GATCACTGAAATCACC	2117
GATGTACACATCGAAA	3013
GATTGGTACTAGACCT	2092
GCAAGGTGATACTGCA	2304
GCACTGCGAAACGTTC	956
GCAGATACTTACTCCC	843
GCCCAGTGACGTGCTG	1842
GCCCGATGAGGTTACT	3457
GCCTCTCCTGGGTGTA	1079
GCTCGTTTGCTCTCCA	1228
GCTGACGACATCCGAT	1697
GCTGAGGCTGGTACAG	3768
GGTCCGAACTGTGAAA	2036
GGTTAGTACAGCCTAT	2013
GTGGCAGCTGTGGGTA	1729
TAAACGCTGAATGAAC	1651
TAGCGTTGAGTCGTTA	3815
TAGCTGATGAAGAATC	1864
TATCGGATGGGACGAT	1866
TATGCAGTGAGATCGG	1732
TATGCTACTCGACCGT	1275
TATGTACCTGAGAGTC	1740
TCACACAGACAGAAAT	2578
TCACTCTCTCCAGAGA	1205
TCGCATGCTCTTCATT	1963
TCTGATTTGGTTCTCC	1359
TGCAATTCTCGACGCT	2088
TGCCGGATGGAAATGT	961
TTCCCGTGACTCGGCA	1276
TTGAGTGACGCATTAC	2308
TTGCTCGACTCGTAAC	2577
TTGTACACTTCACTTT	1482
TTGTGCGCTCAGCTGC	1372
TTTCCCACTCTATCTT	2021
AAGAATGTGCCCAAGC	1516
AAGCGGAACCCTGAAT	2220
AAGTGTAGACGCACTG	1039
ACGAGTTTGGGCGTAA	1322
ACGCCTTTGAAATGGT	1550
AGCCTAATGCGCAAGA	1451
AGCGAATCTTACAGAA	2060
AGCTGTCCTGGAGTCA	2232
AGGCGGTCTCTTATGG	1945
AGTGTGACTAGACTAA	2176
ATACTGGTGACAATGA	3237
ATGAGGTCTGAACATA	4698
ATGCGGAGAATTAGGA	1530
ATGGTAAGACACGGTC	1848
CAAGCGGCTCTCGCAG	1947
CAGTGCCGAACACCCG	2377
CCAGTAAACAGTGGAC	1370
CCCAAATGAATGGCAG	2048
CCGTTTGACTCTTAGG	3613
CCTCCAAACCGATGAG	2655
CCTCGGAGACGTTGGC	900
CGGAATACTCATCGGC	1298
CGTAATGTGCTTATGG	2087
CTATTCATGGGGTCTC	1428
CTGCCTCCTACCATCA	909
GAACGTTACTCCCGGA	3280
GAAGCCCTGACCCGCA	1564
GAATCGTACTAGGATA	1609
GAATCTGACGTGAAGC	1956
GAATTCCGATCCAAAC	2123
GACCTGGTGGCATTAC	2569
GACGCGTACATGGACG	1222
GACGCTGACGGTTGAG	2012
GATGAGCGAAGATCGG	1898
GATTGGTTGTATTCCT	2842
GCATTGTGAGACGATG	3259
GCTCCATACATGTAGA	1784
GGATCTATGCATGAGG	1706
GGCAAATCTATCCTCC	1218
GGCGTTCGACAGTACT	1413
GGGAAGGGACATTTCT	2212
GTAGCCGACAGCGTGA	3963
GTATTCTACTAACCGT	1570
GTCCCGAGACACCCGA	2996
GTCGCATCTATGACTC	1491
GTCTAATCTACCGAAG	1011
GTTCAAGTGATGACCT	2905
GTTCTTTGAGACAGGT	2382
GTTGAGTACCCTACCT	1100
GTTGGCCGACAGAACG	2971
TAAACCTCTACCTGCG	2703
TAAGTCGACTCGTGAT	2350
TACTTGTTGGTCTACA	2152
TATCACTACAATGCCT	812
TATGAGCTGACGATCT	1372
TCAATCTTGCCCTGAG	1638
TCACTCCGACCATGCG	1681
TCCTAGGCTGAGTCTT	2469
TCTACGCTGATGGCTT	1621
TGAGCGAGACAAATGA	1597
TGAGCGCACGCGTGTC	1995
TGATCGATGATCAGTC	3202
TGCAATTCTTTCTGAG	2728
TGGAACACTAGGAATT	1882
TGGATAGCTATCATGC	2565
TGGGACAGATTGGTTG	2746
TGGGACCACATCCTCC	1812
TGGGTTTGACAGCGCT	1552
TGTCGATGAGAATAGT	2734
TTACCCGTGGTGACCC	2453
TTCACGCTGGGTAGAC	1920
TTTCCTCTGTGTAGCT	1322
AAAGACCCTTCCAACA	2526
AACTCTTTGCTTCGGG	2091
AACTTACCTGATATGA	1011
AATCCTACTGCGTGTC	1362
AATGGTCTGTTGGGTT	1522
ACAGTAGCTTCTTAGG	2262
ACCTTCCGATATGTGC	1817
ACCTTTCCTGGAGACT	1072
AGAACTCTGACATCCA	1013
AGTGCCGACTTGCCTC	1689
AGTGCCGTGTCATGAC	1576
ATCAGCAACGCAAGCA	1484
ATGCGTCCTCATTACG	1126
CACGGAAGAGCTGCAC	1000
CAGGTATACAGTGTTC	1442
CCTATTTGAAAATCGA	1276
CCTCTACGATGCACGC	2657
CGCTAGCGATTCACAG	1252
CGTCACGGACTTGCGG	695
CGTTGCGGAGATCATC	2080
CTAGGATTGTCTACGA	1809
GAAACTCACACTCATG	1987
GAACAGCGACTGATCA	1235
GAGCGCACTACCGAAG	2387
GAGCTATACAACCCAT	1234
GAGTGATCTTAGAATG	1385
GATATGGCTGGACCCT	1667
GCAGGATGAGTTACGT	1765
GCATCTCTGGGATGAC	981
GCCCAGTGACTAACTG	1349
GCTCTAGCTGATGAAT	942
GGATGGTGACACTGGC	2462
GGTCCAGTGAGGTCCC	1114
GTAGTGACTTCAGGTT	2656
GTGGCTGTGTACCCGG	1635
TAACTGGTGCGGGAAT	1673
TACGAGTTGAGGAATT	3740
TAGCGCGTGAACACTC	2224
TATAGGCTGGGAAATT	1958
TATCCGCTGCAGGACA	2345
TCATGTTACCTGGTTA	3828
TCCAAGTGAAGCTTGT	2238
TGACTGCCTGATGCAG	1539
TGAGTGACTCGCGTGT	1655
TGCCTGGGATGTCTAG	3985
TGGAAGTCTTATCCGA	1828
TGTCCCAACTTGGTGT	1229
TTAGGTCGAAGTGGAC	822
TTCGTGAGATAGGATA	1862
TTGACCCACTCCCGTT	1402
CACTCGGGATGTGCTA	1825
GTAAGGGTGGCCACAC	1623
GTGTATCGACTAAGGG	1856
TAACCAGACCCGTGAC	1888
TGCTAATCTCATCCAA	1367
AGTGGAGTGCAATGGG	3163
CCTTGCCCTATAACCC	1750
TGACCCTTGATCCTCC	1446
GTAATCGACCACGGTC	1580
AACGATCACTTTCGTT	1234
GGTGAGAACCGACCGT	3023
ACCGGACACCACTTGA	1561
CTGTCCTGAAGTGCGA	1453
GGCTGTGTGGAAATTG	2478
GTGAACACTTCCTCCA	2339
ATAGAGAACACCAATC	3015
CTGCATGCTGTAACCT	1464
CATTCTATGGATTACC	1906
CCATTCCGAGTTGGAG	1965
CTATCAGGACGTGCTG	3349
GCGTGGTTGCAGGGAT	1914
TACGAGTTGCGCATCG	1242
TATGAGCTGGCCTGCA	2364
TCGCACTACGAACATA	1398
GACCCTACTGCGTCAC	961
ACCCGCAGACCCAAGC	1753
CCAAGCCGAACCCAGC	1260
AGAGCTGGAAGGTTTC	1778
CAAGCATACTGTGGAG	910
CACCACGGATTAGAAG	2811
CCTTCATCTTGCATGT	1239
ACATTCTTGTCTAGAC	751
ACAGCTCCTCGCACTG	1876
GCTTCAGCTGTATAGA	1094
GGAAGTTCTCACAAGG	1987
AATGGTCTGGACTGCC	2497
AGGACGATGACCGTGC	2649
AACGACTACTTTCGTT	1663
AATTCTCTGACTGTCA	2096
ATTTCGACTGCATAAA	2304
AAGCCGCACGATCCGC	2103
GCGATTCCTTGGTGGA	2368
GATGGTTTGATTCCTT	1815
CCCAACGGATGGTTGT	1607
GATGACACTGTTACGT	1205
TTTCTCCACCTACAAC	650
CCGTTGTACTGTACGT	1153
AGATGAATGTGTTCGA	1421
AGTTCGTGATGGCTTA	1877
CGCATGTCTGTCTAAC	1926
GTATCGCCTGCGCTCA	1891
AATTCCACTCCATCAA	1612
AGGGCATGATGAGTCT	2205
GGCGTTCGACGTGGCT	1114
CAAGATGCTGAGGAAA	1075
GATACTTCTATAGTGA	1376
CGAAGTGGATCCAACA	1242
AGGCGATGACCGAAAG	1805
GCTGATTGAATTCAGC	1351
GTCTCTGTGTAGAACA	2120
ACTGACATGGATCTAC	1994
CGCCGAAACTCTACAG	986
TAGGCTTGATCTGTAG	2525
TCAAGCTGAGGAACGT	1821
CTCGCAACTGCATAAA	2125
CTGATCCACAGTATGA	1206
AGCAGTTTGCTTAGTG	1776
GAAGTTGCTCAACAGG	1729
ACAGGAGTGTCTGTAG	1711
ACTCACGCTAGGGTCA	1535
CGTGAAGGATTCAGGT	1296
TAGTACGTGTTATCCT	1440
CCAGAGCTGGCTGAGA	1887
TCGTACCTGTGGCCTG	2778
GCGGGATCTACTTCGA	925
TATGGCAACACTGTTG	2627
TTATCTCGACTTATGG	1540
TACAGGACTACGATTC	1488
TCCGCATACGAATGGC	2231
TACATCTTGATTTCTC	2333
TCAGGCTCTGAAGTTA	1352
GCAGCTTCTCATAGTC	1889
TACTTTGACTTCAGCA	1089
AGTTAGGCTCGGATGA	2696
TAGGGCAGAAAGGAAG	2768
CTGTGTCACCGCCCAA	1241
GTTCTGAGATAACCCA	1638
TTTCCGTCTATAGTAG	1530
TGCGGTGTGTGAAATG	960
ATACCGAACAGCTACT	1788
CTTCAAGGACGACCGT	1271
GCCGCATGAGATGAAT	800
TTCAGCAGAGCTCTCT	385
TCCCACTGACGAAGTG	1339
TGGTTTGGAACCTGCG	1663
ATCCGCTTGCTAAGGG	1529
CCGGTAGTGCTCGCAG	2612
AAATCGCTGATCCCAA	3651
GTAGAGGTGGGGTTAG	1278
CCGCAATCTGCTCTCT	1744
GATGTACACACGGATG	1826
GTTTCAACTCGACACC	1113
CAGACATTGTAGAGAT	1365
CATACCCACGCAGCAA	999
ACTCTGGCTTGTGAAA	3118
GTTCTGAGACAGCGTC	1519
TTAGACCGATGATCTG	801
CAACAACTGCTTCCCA	682
TGCAACCCTCGAACTT	2335
GCTAACCCTCCGTGCA	2194
TACTGTTACACCGTGC	1218
ATCTTGTTGCTCTCCA	1031
ATGCCTAGAAACGTTC	1551
TCCGCCTCTGCACTCG	2714
ACGCTTCTGGAACAAT	1941
TCTGGACCTAGCATCT	1738
ACCTTATTGGTGTGTT	946
CGAGACAGAGAGTGAC	837
GCTGAGGCTCGTATTG	972
GGTCTCTACGGATCCC	776
AACCAGGGAACGTGGA	1329
GTTCTTTGAACCTGAT	2340
ATACGGTTGTAACACC	2612
GGTCCGAACTGGCAGA	726
TCTCCCAGAAGCGTTT	1059
TGATCGTGACCAGACC	2413
TGACCTGCTTTCTGGA	1358
GGTACTCCTCGAAAGC	1826
CCTCAGTACTACCCAA	2026
TAGTCTTTGAGCCTGC	3269
CAAGAACCTGGTAAAT	743
GTGAATCACCTGGTTA	3940
CGTGTGTCTTTGTCTT	3214
AATACTCCTTGTACCA	1138
CGTACGGTGGAACGTG	2292
GTTGAGGGAAACGAAT	2298
AACCGATACGTCTTGA	1806
ATCCTTAACGACGCAA	518
CCTAATTACGAAATGT	1768
TCTGTCGTGTTATCCT	1869
GTCTTCGTGGCTGCTG	2196
GTCGAAGGACAACCAT	2129
ACTGCGTCTCCTGAAT	1836
AAGTGCGGAATGGCAG	1702
GATAAAGACGGACGTA	1479
GCACTCACTCGACAGA	2471
GACGGTGCTAGCCTGC	2890
GTGTCTAGACAGAAAT	996
AAGTCGTTGGAGGAGG	1721
GGCTATATGAATTCCG	3475
TCCTCGTGACGGTGAA	1134
ACGATGTTGCCCGTGA	2932
TTCGGTGCTTGGCTTA	1339
GAAGAATTGGTTAACC	979
TTCACCGTGTTTGGGT	3811
CTGCCTCCTGCGGTAA	1310
ACTGACATGTTTGGTG	3410
CCACATAGAATTCACG	840
ACCCTCCCTGGAAGTC	1057
ATAGGCGGACCCGGTA	2256
CGATCACCTGATAAGT	2161
GTTTCTATGAAAGGTT	1605
ACAATGAGATGAGCCC	1929
CATGAGGGAGCAATAA	1952
TCTACCGTGCGTGCTG	1644
TTTCGGAGAGAGATGC	644
AGAGCTGGACCGATGC	1670
CAATAGCACCGGTAAG	1225
CATTCGGCTGTTACAC	2061
CGAAGTGGATCTAGAC	1876
CTCCAAAGATGATAGA	1609
CATCGCGGATCCCTCA	1756
AGCGACAGAGTGTCCG	1778
TTAGGTCGATTGCTGA	2695
AATCGTCGACGGCACT	1939
TGCTCTGTGGGTGGAT	2740
TCGCTGTACCGTCCAG	1014
CGATCGGACATTAGGA	1291
TTGCGATGACTAACCA	1681
CCACTCCCTAACAGGC	1046
CGGCCTAGAATTTCCT	992
CTGACCACTTTCCATT	1512
GAGACCCTGTGGTCTA	2873
GCAGTCGACCAATCTG	1657
GTCACTCACTGATGCT	2219
GTTCGGCGACATGAAA	1892
TCGGGACTGCATCGGC	1431
TCGGTTCACGGAGGAG	1993
GCGGTTGTGCTCACTC	1502
TCCTTACCTCTGTACA	1384
TGAGCATTGAAGGGTC	1130
AACTCTACTGTGGATG	1685
AAGATCCTGGAACAAT	974
AGAAGATACATCACAC	914
CAACATTCTGTAGAAT	1433
CAGCAAACTTGTTCTT	930
CTCGCAACTGTTGACT	1914
GCACGTGACTCCATGA	1877
GGAATTGCTTGGTCTA	1843
TTGTCGCACCGTTCGG	2660
TTTGGGCCTAACCCAT	910
ATTCTACTGACTGAGG	1811
CAGTCCGGATGTTGGT	777
TCTAACTACCTGATCA	2629
TTCAAACCTGCGTGAA	1682
AACATTCCTAGGAAGA	1277
AAGGGTGACGAACGAC	1945
ACCTGAATGATGGTGG	1643
ACGGGACCTTCTTGAG	1593
ACTCAAGTGAACAGGC	1954
AGACGCAGAGTCTAAC	2346
AGATCGTACGGACTTT	1023
AGCTACAACATGGAAT	2222
AGGACTACTCAAATGA	2665
AGGCTCTCTGACGATG	1873
AGGTTCTGATTCTGGA	1053
CAGTATGTGAACGGTG	1251
CATCTCGACCGACGCT	970
CCAGGTGTGTTCTGGA	1280
CCGAAATACCCTCCTA	1067
CCTAATTTGATACCTG	2168
CTAATTGCTTCCATTT	866
CTGTTAACTCTCACGG	1439
CTTGTCTCTATGAACA	1619
GAAATCCACCGCTTGG	1069
GCGCAGACTTCTCAAG	923
GCTGAAGGACATGAGG	1682
GGAAACGACGATCAAA	1797
GGATAGGTGATGGTGG	2123
GGTTATCGAACCGGAA	1652
TAATCTCTGATGGGAC	1126
TAGACTTCTCACGATT	1688
TATGGAGCTCGTATTG	1291
TCCTAGAGATCCATGA	1886
TGGCTTGCTGAACGTG	2952
TGGGAACGAAGCGTTT	1635
TGTGTACGAGGACGAT	1168
TTCCGTGTGAGTAAAC	1428
TTGTCATACGATGCAG	2144
GCACTCGGATGTTCGA	1639
AAGCCTTGACAGGCAA	2279
ATTGGACACTGAAGTA	1712
CTCTGTGACTCTATTC	1962
GATTGTGACAGCCTCG	1723
GTCGTGCGAACCTCCT	1083
GTGACAACTAGTCCCG	1159
GTGTCATGAGTGGACA	2182
TATCACTTGTGTGACT	2456
TTGATGTCTCAGCGCT	1665
AACGGGCCTTCACAGT	1221
ACCTGAATGATTTCCT	1300
ACGCGGTACGGGATGT	903
ACTATCACTATGGCTT	685
AGTACACTGACTAAGA	784
AGTACGTACTTCAGTG	1010
AGTAGCACTCTACAAC	1399
ATATGGAGAGTCTATG	1499
CACCACGGAGTCTATG	1244
CACTGGCGATATGTGC	1118
CGAAGGATGTACTCCC	1208
CGCGATGACAATCAAG	1107
CTACCTGACCAGGGAT	1070
GATGGCGCTCTTATGG	1406
GCCACAGACGATGCTT	1086
GCTGAGGCTACAGATA	1654
GTCAGCGTGGCCGTTG	1913
GTCGGGTACGTTGACT	854
TGGGCCATGACAAAGT	1081
ACTGTGATGAGCAATA	2761
CCTAGGCGACCCTCAT	1942
CTTCGAGCTAGTGGAC	907
AACCTAGTGTGATGTC	1533
AGTACGTACGGTGGAT	1468
ATCCGCGGACCCGGTA	737
CCGTAGCGACAGAAAT	980
CCTAAAGTGTCTTGTT	1704
GGTTCAAACTGATCGT	1651
GTATCGTGAGGTCATT	1331
TAGTTACCTTGATGCT	773
AGATGAATGCTGTATG	858
CAAGGAGTGAGATTGA	1303
CATATGGTGCCCAAGC	905
GTTCGGCGATGCTGGC	1405
AATACTCCTCACGGTC	1505
ACCTTTCCTATCGCAT	1683
ACTCTATTGCACTAAC	2532
CAGACCGTGAGGCATG	1181
CGTTCGGGAGTGTCCG	1729
GATCAGTTGTAGATCC	1956
GCTTAGAACCGTGCAC	1421
GGGAAAGCTGTGACCC	1080
GTAACGTTGGAATGTA	2593
TACGAGACTAGTTACC	824
TCACGACCTGTCTAAC	1859
TGATAAGGACAGTGAG	1161
TGCAGAGGATTTGGTG	1696
TTGACAGACACCAATC	1454
TTGGCGTCTACAAAGT	774
CAATGTCGAGAGAGAA	1447
GATTACGACCGATCAT	937
TCTGGTCTGCGCTCAG	1533
CAGAGGTGACGACGCT	1113
CCTGAACCTCGGCACT	1239
CGGACTCGATGAGCGA	1093
TAGATGCACGCTTATG	1302
CCGCAATCTCGTATTG	1343
CGGTCTACTATCCCTC	683
CTGTATGGAGTTACAC	622
TCCCTGCCTCATGCAT	806
TGTCCCAACGAGAGTC	1398
AACAACGCTCGTGTTA	1263
ACGTTGAACATGGAAT	1072
ATCGTCCTGTCCTTCG	2094
ATGGACTTGGAATGAT	2690
ATTAGTCCTAACCCTA	1438
ATTCCAACTGTACTAC	1798
ATTTCGTACAAACTGA	1693
CGCAACGACCCTGCAG	2231
GACCGACTGTTTGACG	1046
GGCTCGAACAGGCCCT	1284
GGTCATAACATCTGCA	844
GTACCTCTGGCTAACT	1412
GTAGTACTGATGGTAA	1228
TACCCGTTGTCTACAG	1906
TCTATGACTTGTTCGA	1199
TGGATACACAGATTGA	1313
CATCATACTGCCTCAG	1458
CGACATAACACAGATA	1903
GCAACGGCTAGAGAAG	3284
GTAAGAAACATTCGAC	1955
AAACCCAACGATCAAA	1740
TGAGCGCACAATCCCA	1825
CACCAGGACCTTATGG	2933
ATTGGCCCTGTTAACC	1582
GTCTTGCACTAAACCC	1047
CACTGGCGATGGGATG	1646
GCTGATTGATAGATAG	1602
TGTAGTGACCGAACTT	1736
ACCAATCGATGTCCGG	1525
TTCGAGTGAACGCTTA	976
TAACACTCTGGAAGAA	841
TCCCAGTACTCTATTC	1009
CCGAAATACACTGAAA	1382
TTGCCGACTGGGATGT	2471
CGAAGCGCTATCTGTG	1324
GATGTTGTGACAACTC	2374
ACGAGAGTGGAACATA	2510
TTGGATCGAATCCCTC	2263
CCTAAGAACACGTGCC	1457
AGAGTTGCTAGCATCT	2736
TAGGGCCTGATTCACG	1604
ATGCCTGCTTACCTTT	1630
CAGCGTGACTCTATCT	1783
GAAGAGGCTTCGCGAC	2265
CCAGACCGAAATGCCT	1570
GGCAGTAGAAAGTCCT	1812
ACGCGCTGAAGCCTAT	1855
CGTGTAAACGAGTCTT	1054
CTTCAATTGAAATTGG	1208
ACTGTCGCTTCCATGA	2610
CATCTCCGATTGCTCC	1173
GATTCAGTGTTGTCCC	1251
CCGTATAGAGAATGAT	4712
ATTCTAGCTTGTGAAA	1773
CTTAGACGAGTTCTTT	2043
CAATCAGTGCACTAAC	1981
TATCGCCTGAAACCCT	1800
TCCGGTTTGGAACATA	1155
TCTAATCACCTATCTT	1111
ACTGCCTACACCGGAA	868
GATCGTAACCGGGTCT	1180
AGGTCATTGACGACAG	1268
ATCGTTACTGATAAGT	1753
TAGCCACCTTGGCATT	1532
TTACGTGGAAAGCACG	1681
GACAAATGAGTCTAAC	1607
ATGCCTCTGTGTCTAG	1999
CCCACGAGAGCCTGTG	2206
TAGGGCAGATTTCCGC	2274
TATCGAGTGGACCGAA	1632
TCCGACTACAGTTGGG	1571
GAGCCAAGACTTGCGG	1288
TTTCGATACGGCGATA	1125
TAACCCGCTGCGTCAC	1649
TGTGGCGACCATCACA	1612
CCCTCTCTGGGAGTCA	704
GGGCTTGACCGGAATG	1356
GTCCCTAACGTTGGAG	1044
GTGTAAAGAAATCAAG	2005
TCGCTGGGAATCACAC	1786
TAGACGACTCATGACT	928
GTAATTCCTTAGGCAG	1385
ACAAACCACCTTGATG	1023
ACGAAATGAAGGACAC	889
ATGGTTTCTAACGTAA	2419
ATGTCCCACCTGCTCT	1163
CAAAGCTACCACGTGC	1699
GCCACACGAAAATTGG	957
CCCTGATACCCACGTG	1182
GCTGAAACTTGGATCT	775
GACGTTCCTAGTCACT	563
CAGTGCTCTCCCAACG	1249
CAGCGAAGATCGTCCT	2029
GAGATGGACATGGACG	1545
GCGCAAAGACCTGCAG	2424
GTGATCCCTGAGGTTG	4312
AGGCGATGAGCCCGTA	2274
CGCTTGTACGCGTCAC	2248
CCGAACGTGCCCGTGA	676
CAGCTCTTGGATCATC	1917
TTAGCGATGAATGCCT	1428
TACCATTTGGTATAGA	1832
AAACAACGACCTACGG	1232
TAGCGTTGAGAAATAC	825
TTCGTGCTGCTGATCA	944
TCGTACCTGCAACCTA	1042
GAAGAGCACTGATCCA	1315
AGCTGCTCTCGACTTA	757
ACTCGACCTTGTACGT	1212
GGCTTGTCTAGCGTTT	1596
TATTCGGGATCTTGAG	1116
GCAAAGGACGCGTGTC	2210
CAGTCAATGGACGTCC	1872
TTCGTAGGATTTCTAC	878
AAAGCCGGAAACGTAA	1360
GAGGCCTTGACCTCTC	1155
CCATACGCTCTCCCAT	1682
CTAATCGGACTTCACC	1579
CAGGAACGACCTCGAG	1029
AGTGGCCACGTGTTAC	1620
GTCCCGAGAGAAGGAA	2692
ATTGACTCTTCGCGAC	1794
CATTCTTGATGGTAAA	829
CGAGAACGATGGTCAT	2074
CTGACTCACACTAGAA	895
GAAGCAGTGTACGATC	1355
TCCCAGTACGCGGTAA	2078
ATGGTAAGAACTGATC	2138
TACAACCGAGGAACTG	1439
TCACTGCACGAACATA	956
TCGCAGGTGGTCGTTA	919
TTCCACGACATCTCCC	904
GCTTGGTCTTCCTCAC	1578
GTACTCGCTGAACATA	1513
CAGGCTCGATGTGAGG	354
CGTAGGAGAGGATAAT	756
GGCAGCTTGAACGGTG	2196
TCCGGTACTGGAACAC	866
TTACCCGTGTTCAGTG	765
GCTTCAGCTATCCCTC	1281
TCCTGCCCTAGTGTGG	1383
TACGCCTTGCGAAATA	1006
AGCCTAATGGGCGTAA	1280
CTTGAGATGCCCAAGC	1665
GATAGTCACGGAACGT	1589
GACTGCTCTAATGTGA	1433
GGGTCACTGAGGAATT	1577
CATGTCCTGTCGGAAG	452
CCGATCACTGTAGAAT	1035
GAAAGAGGAGCATTAC	689
GAAGATAACCCTCCAT	581
GGTGAGAACGAGAGTC	937
TAGACTGACATCACCA	1469
CGATATGTGGTTAGAA	2056
GAGGGTAACAGGCTGA	1949
GCAGTTTGAGAACAAT	321
CAGGCTTCTTCACGGC	962
GGTATACACAGTGTTC	1133
CACAGTATGCGTGGAA	1302
CAATTTCTGAATCACC	1615
AATACCTCTTGCATCA	318
CGAGAGCCTATAGGAT	1065
GAGCCAGCTGCGTCAC	1525
TAAGAGTGACTGAGAG	3231
GCCGGAACTTCCAACA	1082
ACCCGGTGACGTGAGA	2553
ACCTTCTCTACTCACA	1668
TGACTATCTCGTATTG	1424
TTCAGCCACTCCATGA	832
ACTACTTACAGTCCCG	875
ATGGGCGCTAGGCCTC	2469
TCCTGCCCTAGTAAAC	1126
GGCAGCTTGTGTGATC	1334
GTATGAGCTATGGCAG	937
AAGCGATCTGTTACGT	1118
TCGTGGGACCTTATGG	687
ATCTCATACTGCACTA	1476
CTAATCTACGAAACGC	1439
GGTCCGAACGAAGTAT	1277
ATGTCGCCTGGCTGTC	1154
CTGAAACTGCGTGCTG	1876
GACGCTGACATCTGCA	1768
CACGGAAGAAATGTAG	1823
TGAGGTGGAGAAGTAT	4783
TTCGTATTGGTGTCCG	1023
GTGAACACTCATCGAT	953
TCTCCGATGGGCAATG	999
TTTCCCACTCCGCACA	755
AGAGCTACTGGAGACT	869
GAACGGATGCGGTAAG	1815
TGATTACCTGATCAAA	1321
TGGTCTAGAATGGGAC	1705
GCCTTAAGATTCCCAC	1968
CATCCCTGAGTAACCT	1554
CAATTTCTGTTGCTCC	1277
GATTCATCTACGTGCC	1421
AGTTACTCTGGACCCT	701
TTTGATGCTCTGCCAG	1030
AGTTGACTGTGAACGG	1005
AGTTCGATGGGAACGT	1065
AAGTTCCGATTGGGAG	330
AGCACGCTGTAGATAG	1314
CGAAGGCCTAACCTAC	1199
ATGGGATCTGCATGGA	2730
CGTTTAGGACGTGCAC	606
CCGACAGTGTCGTAGT	1010
CATGCATGATGTGGTT	2451
CCCTGAGGATATCACG	906
CCCTGAGGAACGTGGA	1082
CTGTCGTTGTGGTCAT	560
CTGTGCACTAGGGATC	786
AGGGATCGAGGATCCC	1432
CTTGTGGCTTCTTAGG	878
CGTTCTCGACACAGCC	1181
TTCTGCTCTTTCCATT	834
TCGACAATGTGGTAAA	1757
TCTGTATACCCGTGAC	904
AATTCCACTCATCGGC	1598
CCGGCAAACATGGCTT	1250
CCAATGTGAGAAGCAC	1074
CTCGCAACTGGACAGT	942
ACAGGCCTGAGTATGA	1267
ACTGTATCTCATCTCC	1052
CTAGAAAGAGGAAGCT	1341
TCACAATCTGGAATTA	1699
AGCGCAAGACGTGCGT	1787
TGCCGCAGAATCCTTT	475
GTGTCTAGAAGATCCT	2016
AACAGCTACTTGCAGT	1278
TAGAACCACATCGGAG	1665
CGTGCACGATTTCGGA	651
CCTTAGAGAACGTAGG	1125
AGGCTCTCTGGCTCAC	780
GATCCAATGGTGAGAC	281
ACTGACAACGTTGTAC	1063
CACCCTCCTGCGTGTC	771
CAGCTTCTGTAAAGAC	906
GAGGTACGAACTGAAA	2025
TGAGAGCGATTTGGGT	2712
GAAGAGCACGGAGGAG	1881
CACTTAGGACGAGAGT	1328
CCCTGTATGTGTCCGG	966
CCATTCCGAATCCATG	1646
GTATAAGGAACCTGTA	1724
GAACTACTGTAGCTTG	1431
TACGGGCACACTCATG	1638
CGTGTGTCTCACGCCA	819
CTGTGTGCTGACCGAA	2007
CATCCGTACCGATTCA	890
TCAATGCGAAGGCTGA	1582
AATTTCCACAGTATGA	1143
GAGGAACACGGCGATA	2033
CAACGGCTGCCAGAGA	618
GCTGAAACTTGTCCGG	1877
CATCACCACGGATGCA	1463
CGTACGGTGAAAGGTT	4509
CTGATGTGAACCATCA	1148
GGTGAGTGAGGATATA	913
CTAACAGACTGAAGTA	1563
TCGTACCTGGCCATCG	729
TCAACTTACAAATTGG	1599
CACGAGCACTATCCGA	1628
GCAAGGTGAATTCTTC	1167
GGAACTGGACTGTATG	1056
TGCTTGGCTCGAAATA	1232
AAACCCATGGGATTAA	1359
AATCTGCGAGTCTACA	1029
ACGTAGTTGACTGGGA	2704
AATGGTCTGGCGTGTC	1157
ACTCAAGACCTCGCTT	1823
ACTGGATTGCGGCTGT	1348
AGCGTCGTGAATGCAA	2285
AGCTACAACCAACACT	1264
AGGGAGTACGAGTCCC	559
ATGCTGATGCTGAGAG	1379
CACCTCCCTGCTGTCG	1219
CACGTAAACCACAGCC	1375
CCCACTTGAAACTTCG	1564
CGTGCACGACGGCACT	1242
CGTTTAGGATCCAAAC	1823
CTCTGACTGACCCTAA	840
GAGAAATACACAAAGT	878
GGTTCAAACCGTCCAG	1175
GGTTCTCACTCGGTAT	1059
GTATGAGCTCTCGTGG	1279
GTCATCCACTTCTGAG	1700
GTCGACTCTTAGGATA	684
GTCGTGCGAATCACAC	1307
TAGCTACGATAAAGAC	1122
TCGTGCGGACTCAACA	1086
TCTAGAGTGATGAACA	1683
TGATGACACGTGACCC	1846
TTGCTTAACATTGGAA	2115
ACACTGTGAGATTGAA	1154
ACCCGCAGATACAGAA	1237
AGAAATCGAATGACCT	1721
AGATCTTCTGTTGTTG	985
AGCTCGTCTAACGCTT	634
ATGTCGCCTAAGTATG	1951
ATTGCTACTAATCCCA	1165
CGCCGAAACCGCAAGA	1916
GCAATGTACAGTGAAT	2436
GGTACTCCTCTGTACA	1772
GGTCGAAGAAGGATAT	1223
TTGTTACTGAACATGA	1964
AAACACGCTCGTGGCT	1665
CATGGTATGGGGCTTC	1318
CTAAGTGTGGGCAGTA	913
CTCCCAAACTGAGGGT	869
GGCAGCTTGGCCCTGA	1538
GTGACCTCTGAGAACC	1310
TAAGACCACCTACCGG	992
TACTACACTTCCAACA	1370
TAGAACCACTGTTCGA	2014
TCAGTAGACTACAACC	948
TCTACAACTTGAGCGA	2023
AAGACTCTGCAAGTGG	1806
ACTCTAGGAGAAATGT	1859
AGATAGCCTACATCGT	900
GAATCTGACCCGCAAC	2254
GAGAAATTGACTTACG	1154
GAGTGCCACGCTCTCT	1139
GCAGGTGCTCTAACAC	1520
GCCAGAAGAACCAGAG	1949
GGGTGACCTAGAAGTT	1931
TGTCTGGCTTTCACCC	1580
AACCTGCCTTGGTTAC	1234
ATGCATGACGTAACCT	794
GTCTAATCTTCACTTT	1116
ACTGACAACGCTGGCT	981
ATCGAGTTGTTCTATC	801
CCTCTCAGATGGGTAG	1591
CGCAACGACAGTGGAC	867
GGAATTGCTGTCGATT	1434
ACTGCCTACACCAGAG	3046
AGGTGTTACTCACCGG	1329
ATAGGAATGCAGTACT	2245
ATCGAACACCTAGAGG	1507
CACTAACGATACCTCC	1640
CGCTCATTGAGATCGG	1189
CTAGTCCACGCATTCA	1152
GAAACTCACAAGTTAG	1153
GAGAAGGCTTTCCCAC	1259
GATAAAGACGGCGATA	1990
GCTGACCGAAATGTAG	1977
GGAATTGCTGGTTCCG	1437
GTGTCCTTGGCCTCAG	951
TCAACTTACATGCCCG	974
TCGCGTTACAGGCGAT	712
TTCGGTGCTGAGGCAT	1279
TTGCCGACTTTTGTGG	1502
TCTCGACTGAAATTGG	1276
AATGAGATGGGTTACT	1144
GCTGAGGCTGAACAAT	701
GTCCGAGACGGAACTG	2170
TATCGGATGGTCTACA	1286
TCACATTACTCTAGAC	950
CGGCGATTGGGTAAAT	1968
GCTGACGACACCGAAG	1738
AATTCCACTCCTGCAG	904
CTAGCTCTGGTTGGAG	828
TCACTGCTGCCGATGC	1356
CAGGCAGCTACTTGAC	1310
CAGCCGAACTTGGGAG	1445
TTCACGAGAGACCCGT	1444
GAACCTATGAACAGGC	1325
TACTATCACCGGATGA	509
ACGAATAGACCCAATA	1133
CTGACCTTGGTGCTTA	1319
AAACCCAACTTCACCC	968
GACCAATTGTTCGGGC	1777
TTGCACAGAAATGAAC	2605
ACTGGGCACTTGAGGG	1368
TTACTGTACCGGTGAA	1157
CAATTGGTGACTAGAA	1594
ATAAAGCGAGAGTGAC	1923
ATCGTCCTGAAACTGA	573
GCGGGATCTGGACGTA	1803
TCCGCTAACGCCTGCA	1945
ATCTGACGAGAAATCA	1393
GAGCCAGCTTAAACCC	834
ACCGGACACTGACCCG	1159
CACCGTTACTTGAGTC	733
ATGTGGTTGATCCTCC	1054
CTAGCACCTCCAGAGA	1574
TGCCATCACTCGTCCT	808
ACCAAGTTGAGTGCGA	1999
AGACTCAACAGATTGA	1511
GGTTTAGTGTTTGTCT	1266
TAACATCCTATTCTTC	1871
AAGTGGCGAAATCCCA	1091
ACAAGGCGATGGACGA	905
CCAGTGGTGCATCGAT	1055
AGAAATCGATGGGTTT	1523
ATCACACGACAGCTGC	1193
CGATGTATGGCCCTGA	856
GATCAACACCACGATT	760
CATTACGGATAGCTTG	833
CAACCACCTAGATTGA	480
TGCAGAGGATTCCTCG	400
GCTAACCCTTGTGCTA	638
TGAAAGATGATAGTGA	481
TTGACTTACACCCGTG	377
CCGCTCTCTTCCCGTT	391
CTTGACCACTTGAAAG	1335
GGACAGTGAGGTCTAT	679
TGCGGGTACCAACCTA	1891
GCGTGGTTGAGCTTGT	1100
GGAAACGACAGCCTGC	1229
TGTCACCTGATAGAAC	629
AAGCGACGATTATGCG	1014
AACGGGATGTTGCTCC	887
CAAATCGACATAACCC	1530
GCCACCAGACGATAGG	1828
GATTCAGTGGCGTCAC	1175
TGGAAGGTGAGAGAAG	1224
TTTGGATCTTTACGAC	1335
GAACAGGACAGAGGAA	1214
GGCTGTGTGAGTGTCT	1921
GAAGCATCTGCTGGCT	647
TAGTGCATGGTAGAAT	1283
AGCTGCTCTAACTCAC	1442
GTCTGGTCTCTAACAC	1026
GTTAAGAGAGCGTGTC	1518
AGCCTCGGAATGGTAA	758
TACAACCGAAGTCTTG	1377
CGGTACTCTATAGAAC	735
GAAGAATTGGGGAACT	620
AGTCCTCTGGGCATGA	842
CCGTGTTACATGACTC	1055
AGCTAGACTCCAAAGG	1205
AAGGGCCCTAGATTGA	1286
CATCATTTGACTTACG	1601
GGTTAGACTAGGCCCT	338
ACCCATGCTAGAGAAG	1449
GAGAGACTGTCCCTCA	752
AGATAGAACCGCTGAC	302
TGTCGATGATAGATCC	712
ACCCACTTGACCTGGC	959
AGGAAATACAAGTCTC	1142
GGCCTAGACCGAAATA	1059
GTTAGACACATCACAC	960
GCTACCGGATACCCAA	738
GAAGAAGGACCTAAGT	1327
ATGTGACACCAAGCGA	1012
CTTGTCTCTACAAACA	1035
GGGTCACTGTGAGTCT	1176
TACTACACTCACTAAC	635
TCGCATGCTTGCCCGA	286
AGGTGTTTGATTCAGC	1202
CCAGTCTTGAGTGTTC	479
GACGTAACTAGGTCCC	1856
GTTGACCCTATTGGCT	1124
TCTTGCTCTGAGGCAT	992
CTCAGGGTGGTAAGTA	1016
CGCACGATGATCACCA	1241
TGGGATTTGGAAAGCC	1187
TTTGTGTTGGTTAGAA	1053
AGCGTTCCTCAGGCAA	782
AACTCTACTGGGTCAA	1793
CCTGCGAGACGTGAGA	1649
ATCGCTCACATGGGAC	788
GGGTGAATGGATCGGA	1922
GCAACTTGACGAGTGA	1008
GTGTATTCTAGTTACC	481
CGTAGTTGATCTACCC	1113
GTCGTCTTGACAATGA	1220
AGCGTATTGTTGGTTG	874
AGGCACGCTTGTGAGG	1355
ATGCGCGTGGAACAAT	1145
CGGCAACACAGGTAAT	1136
GGAACACGATAGGCAG	963
GTAATGCACGACGTCC	288
TGACTATCTTGTTGTG	841
GGATAATGATTCCTCG	963
TTGCCGACTTGATCCA	2110
TCAGCGCGAGGTCTAT	1076
CAGGCTTCTCGGATGA	1649
TATCTCCCTCTATCTT	930
TGCAGATTGACCCAGC	1764
ACACTACGAGCCATCG	1140
ATTTGGTCTAAGATCA	1595
CTCGGAGTGCCCGATG	1280
ACGACGCACGAATGGC	918
ATTCTCATGGGTTCCG	310
CGGATATTGCACCCGA	298
CGTATGTGAACCCAGC	1561
CTGAGTAACACTCATG	846
CTCTGTGTGAAACTGA	626
GAGAGTGACGAGTAAT	1009
TCCGGAGTGATTGAAG	976
GAGAGACTGAACACAA	988
CAGGAGAACACTGCCG	1167
GTAGGATCTACCATCA	2325
CGACTAAACGATTGAA	294
GCGTTGGACGCATAAA	726
AACCGATACCAGGACA	591
CCTACCAACCATGAAA	585
GATTCCCTGCACTAAC	1106
GCGTGAAGAGTTAGGG	1123
GTGCACCGACGCACTG	511
TAGCAAAGATGCATCA	788
AATGAGATGACTCACA	342
CGTCGAGACGTTGACT	794
AAAGGATTGAAGAGGA	1109
CCTTTACCTACCAGAG	303
ACGCGGACTGGTTGTT	1453
GCAGGCTTGATGCCCG	733
CCAAGCGACATGTAGA	934
AGATAGAACTCCCTGT	727
TCCCTTACTTCGAACT	700
AGGAGTCGATCACGGC	372
GGATTAAGATTTGTGG	1444
AGAGTTGCTTCTATTC	1168
CCAGTACCTTGACGTT	2018
ACTGGGCTGCCTGAAT	1110
GCCTCATACGGAACTG	377
AATGAGATGTTGCCTC	766
AAACCCATGTATCACG	922
ACCACGGTGCAAGGGT	371
ACTTGTTACCTCTACC	348
GATTGTGACTTCATCT	449
TTAGAGAGATCTACGA	1099
AACAGCGGATTTGGGT	338
CATCACCACCTATCTT	551
AGGTGCAGAGAGTGAC	1560
TGTGAACTGCTGATCA	1350
CTAAGTGACTCAAGAA	1053
AATTCTCTGATCCTCC	358
AGATGTCTGAGTTACC	1081
GTTGCTAGAACGCCCA	638
TCAGGTAACGACAGGT	763
GGCACAGCTGACGTCC	1537
AAATGGAACATTGAAG	1033
CGTGTCACTGAGTGAC	378
TATTGCTTGATCAGTC	893
TAACTGCGATTCTGAG	1015
CGGTGTCGAGTCTTGA	828
ATATCCACTCGTGCTG	365
AACCATGTGCAGTAAA	422
AGAGATTGATTCACTT	410
CACTGGCGAAAGTTAG	711
GATGAGTCTCACGATT	1522
AGTGGGATGAGGATAT	736
CTGGGCTGAGAGTAAT	408
TGCGAGAGACGAAGTG	495
CACAGCGTGGGTCTAT	218
CGATGCGACGTCTAAC	474
CAACCACCTGAAAGCC	814
ATCGTATCTAGCCTGC	289
CTAGGATTGCGTGCTG	1164
GACCAGAGACGCCACA	1070
AAGCGGAACAGTCCCG	844
GCTAGATTGATGGCCC	830
TAGGTCTGAAAGACAT	228
AACGGGATGTCATGTG	535
GGTTGCGACCAATGAA	705
TCGACGGTGATTTCCT	248
AAGTCCAACCGTGCTG	273
GAACCGCTGGAAATTG	437
