Chrom	Location	Gene	Variant	Type	Cluster	Impact	Germline_DP	Germline_AF	Baseline_DP	Baseline_AF	Post_DP	Post_AF
chr1	28150205	PTAFR	c.817G>T	missense_variant	2	MODERATE	388	0.00	383	0.43	374	0.49	
chr1	116398790	ATP1A1	c.2293+1G>A	splice_donor_variant&intron_variant	2	HIGH	405	0.00	337	0.47	336	0.45	
chr2	70088561	PCBP1	c.818G>C	missense_variant	0	MODERATE	395	0.00	392	0.02	370	0.32	
chr2	199911513	C2orf69	c.75G>C	synonymous_variant	2	LOW	79	0.00	66	0.36	75	0.39	
chr4	107908683	SGMS2	c.846T>C	synonymous_variant	2	LOW	279	0.00	276	0.41	258	0.46	
chr5	54518955	SNX18	c.1003C>G	missense_variant	2	MODERATE	393	0.01	366	0.50	332	0.52	
chr5	157361708	CTB-109A12.1	n.*1674G>A	downstream_gene_variant	2	MODIFIER	62	0.00	77	0.49	65	0.60	
chr6	36978525	MTCH1	c.493A>T	missense_variant	2	MODERATE	411	0.00	336	0.46	417	0.46	
chr6	44260092	NFKBIE	c.1382_1383insTGAC	frameshift_variant	0	HIGH	245	0.00	285	0.00	259	0.22	
chr7	92671432	CDK6	c.641G>A	structural_interaction_variant	2	HIGH	225	0.00	230	0.41	189	0.46	
chr7	140781602	BRAF	c.1406G>C	missense_variant	2	MODERATE	181	0.00	153	0.37	140	0.29	
chr8	144791830	RPL8	c.223C>T	synonymous_variant	2	LOW	222	0.00	200	0.41	236	0.48	
chr10	62813407	EGR2	c.1231G>A	missense_variant	0	MODERATE	536	0.00	586	0.07	538	0.48	
chr10	95860662	ENTPD1-AS1	n.*651T>A	downstream_gene_variant	2	MODIFIER	97	0.00	81	0.49	97	0.48	
chr12	4613665	DYRK4	c.1475C>T	missense_variant	2	MODERATE	540	0.00	850	0.31	820	0.34	
chr14	68790475	ZFP36L1	c.75C>T	synonymous_variant	2	LOW	146	0.00	129	0.52	152	0.41	
chr16	57113451	CPNE2	c.344C>T	missense_variant	2	MODERATE	405	0.00	371	0.49	354	0.48	
chr16	67656888	CARMIL2	c.4117+7G>A	splice_region_variant&intron_variant	2	LOW	145	0.00	126	0.51	121	0.41	
chr17	63827411	PSMC5	c.-73-7T>A	splice_region_variant&intron_variant	2	LOW	231	0.00	219	0.55	203	0.48	
chr18	62147035	PIGN	c.741C>T	synonymous_variant	3	LOW	71	0.03	58	0.12	60	0.07	
chr18	62147091	PIGN	c.685C>G	missense_variant	3	MODERATE	70	0.03	57	0.09	55	0.07	
chr20	36916795	SAMHD1	c.989A>T	structural_interaction_variant	2	HIGH	348	0.01	206	0.50	236	0.50	
chr20	50749788	PARD6B	c.419G>A	missense_variant	2	MODERATE	640	0.00	560	0.50	660	0.50	
chr20	64016821	PRPF6	c.1623T>C	synonymous_variant	3	LOW	416	0.00	394	0.22	396	0.19	
chrX	40072534	BCOR	c.2806_2807insC	frameshift_variant	2	HIGH	368	0.00	376	0.49	392	0.50	
chrX	101356176	BTK	c.1442G>C	structural_interaction_variant	1	HIGH	282	0.00	328	0.00	262	0.40	
